AnimalID,SireID,DamID
PVHTC17B000004S,0,0
PVHTC17B000006S,0,0
PVHTC17B000008S,0,0
PVHTC17B000009S,0,0
PVHTC17B000010S,0,0
PVHTC17B000012S,0,0
PVHTC17B000013S,0,0
PVHTC17B000015S,0,0
PVHTC17B000017S,0,0
PVHTC17B000021S,0,0
PVHTC17B000024S,0,0
PVHTC17B000025S,0,0
PVHTC17B000026S,0,0
PVHTC17B000027S,0,0
PVHTC17B000028S,0,0
PVHTC17B000030S,0,0
PVHTC17B000031S,0,0
PVHTC17B000034S,0,0
PVHTC17B000036S,0,0
PVHTC17B000038S,0,0
PVHTC17B000043S,0,0
PVHTC17B000044S,0,0
PVHTC17B000047S,0,0
PVHTC17B000048S,0,0
PVHTC17B000050S,0,0
PVHTC17B000051S,0,0
PVHTC17B000053S,0,0
PVHTC17B000056S,0,0
PVHTC17B000058S,0,0
PVHTC17B000060S,0,0
PVHTC17B000061S,0,0
PVHTC17B000063S,0,0
PVHTC17B000065S,0,0
PVHTC17B000073S,0,0
PVHTC17B000074S,0,0
PVHTC17B000076S,0,0
PVHTC17B000078S,0,0
PVHTC17B000086S,0,0
PVHTC17B000087S,0,0
PVHTC17B000102S,0,0
PVHTC17B000T207,0,0
PVHTC17B000T212,0,0
PVHTC17B000T216,0,0
PVHTC17B000T224,0,0
PVHTC17B000T230,0,0
PVHTC17B000T236,0,0
PVHTC17B000T241,0,0
PVHTC17B000T259,0,0
PVHTC17B000T277,0,0
PVHTC17B000T293,0,0
PVHTC17B000T294,0,0
PVHTC17B000T296,0,0
PVHTC17B000T297,0,0
PVHTC17B000T300,0,0
PVHTC17B000T301,0,0
PVHTC17B000T307,0,0
PVHTC17B000T311,0,0
PVHTC17B000T313,0,0
PVHTC17B000T315,0,0
PVHTC17B000T316,0,0
PVHTC17B000T322,0,0
PVHTC17B000T326,0,0
PVHTC17B000T331,0,0
PVHTC17B000T334,0,0
PVHTC17B000T335,0,0
PVHTC17B000T339,0,0
PVHTC17B000T344,0,0
PVHTC17B000T347,0,0
PVHTC17B000T350,0,0
PVHTC17B000T352,0,0
PVHTC17B000T355,0,0
PVHTC17B000T361,0,0
PVHTC17B000T375,0,0
PVHTC17B000T380,0,0
PVHTC17B000T385,0,0
PVHTC17B000T394,0,0
PVHTC17B000T396,0,0
PVHTC17B000T399,0,0
PVHTC17B000T400,0,0
PVGSJ17F030M093M,0,0
PVHTC17B000033S,0,0
PVGSJ17F030M092,0,0
PVGSJ17F010M056,0,0
PVGSJ17F010M032,0,0
PVGSJ17F010M011,0,0
PVGSJ17F010M073,0,0
PVGSJ17F030M013,0,0
PVGSJ17F010M026,0,0
PVGSJ17F010M072,0,0
PVGSJ17F010M031,0,0
PVGSJ17F010M071,0,0
PVGSJ17F010M015,0,0
PVGSJ17F010M025,0,0
PVGSJ17F010M019,0,0
PVGSJ17F020M080,0,0
PVGSJ17F010M030,0,0
PVGSJ17F020M084,0,0
PVGSJ17F010M061,0,0
PVGSJ17F030M014,0,0
PVGSJ17F030M035,0,0
PVGSJ17F010M027,0,0
PVGSJ17F030M001,0,0
PVGSJ17F030M055,0,0
PVGSJ17F030M069,0,0
PVGSJ17F010M062,0,0
PVGSJ17F010M020,0,0
PVGSJ17F010M045,0,0
PVGSJ17F010M059,0,0
PVGSJ17F020M074,0,0
PVGSJ17F030M085,0,0
PVGSJ17F020M079,0,0
PVGSJ17F010M010,0,0
PVGSJ17F010M086,0,0
PVGSJ17F030M093,0,0
PVGSJ17F030S558,0,0
PVGSJ17F010R001,0,0
PVGSJ17F010R391,0,0
PVGSJ17F010R851,0,0
PVGSJ17F010S676,0,0
PVGSJ17F030R529,0,0
PVGSJ17F010R791,0,0
PVGSJ17F010S872,0,0
PVGSJ17F010R887,0,0
PVGSJ17F010R451,0,0
PVGSJ17F010R837,0,0
PVGSJ17F010R649,0,0
PVGSJ17F010R277,0,0
PVGSJ17F020R798,0,0
PVGSJ17F010R899,0,0
PVGSJ17F020S584,0,0
PVGSJ17F010R494,0,0
PVGSJ17F030R905,0,0
PVGSJ17F030R328,0,0
PVGSJ17F010R877,0,0
PVGSJ17F030R660,0,0
PVGSJ17F030R967,0,0
PVGSJ17F030R901,0,0
PVGSJ17F010R461,0,0
PVGSJ17F010R202,0,0
PVGSJ17F010R911,0,0
PVGSJ17F020S622,0,0
PVGSJ17F020S531,0,0
PVGSJ17F010R016,0,0
PVGSJ17F010S606,0,0
PVGSJ17F030S693,0,0
PVHTC18G0006007M,PVHTC17B000031S,PVHTC17B000T307
PVHTC18G0006009M,PVHTC17B000053S,PVHTC17B000T339
PVHTC18G0006010M,PVHTC17B000073S,PVHTC17B000T375
PVHTC18G0006012M,PVHTC17B000078S,PVHTC17B000T385
PVHTC18G0006013M,PVHTC17B000004S,PVHTC17B000T230
PVHTC18G0006024M,PVHTC17B000065S,PVHTC17B000T355
PVHTC18G0006030M,PVHTC17B000051S,PVHTC17B000T335
PVHTC18G0006031M,PVHTC17B000061S,PVHTC17B000T350
PVHTC18G0006032M,PVHTC17B000038S,PVHTC17B000T316
PVHTC18G0006035M,PVHTC17B000050S,PVHTC17B000T334
PVHTC18G0006037M,PVHTC17B000036S,PVHTC17B000T313
PVHTC18G0006039M,PVHTC17B000063S,PVHTC17B000T352
PVHTC18G0006043M,PVHTC17B000044S,PVHTC17B000T322
PVHTC18G0006051M,PVHTC17B000076S,PVHTC17B000T380
PVHTC18G0006060M,PVHTC17B000026S,PVHTC17B000T296
PVHTC18G0006061M,PVHTC17B000017S,PVHTC17B000T259
PVHTC18G0006065M,PVHTC17B000015S,PVHTC17B000T241
PVHTC18G0006074M,PVHTC17B000013S,PVHTC17B000T236
PVHTC18G0006079M,PVHTC17B000086S,PVHTC17B000T394
PVHTC18G0006082M,PVHTC17B000048S,PVHTC17B000T331
PVHTC18G0006089M,PVHTC17B000024S,PVHTC17B000T293
PVHTC18G0006099M,PVHTC17B000102S,PVHTC17B000T212
PVHTC18G0006125M,PVHTC17B000030S,PVHTC17B000T400
PVHTC18G0006133M,PVHTC17B000028S,PVHTC17B000T301
PVHTC18G0006141M,PVHTC17B000006S,PVHTC17B000T300
PVHTC18G0006142M,PVHTC17B000009S,PVHTC17B000T216
PVHTC18G0006143M,PVHTC17B000043S,PVHTC17B000T207
PVHTC18G000A023,0,0
PVHTC18G000A081,0,0
PVHTC18G000A095,0,0
PVHTC18G000A104,PVHTC17B000056S,PVHTC17B000T399
PVHTC18G000A117,PVHTC17B000087S,PVHTC17B000T396
PVHTC18G000A172,PVHTC17B000038S,PVHTC17B000T316
PVHTC18G000A176,PVHTC17B000038S,PVHTC17B000T316
PVHTC18G000A229,PVHTC17B000008S,PVHTC17B000T212
PVHTC18G000A230,PVHTC17B000030S,PVHTC17B000T400
PVHTC18G000A237,PVHTC17B000004S,PVHTC17B000T230
PVHTC18G000A265,PVHTC17B000024S,PVHTC17B000T293
PVHTC18G000A284,PVHTC17B000004S,PVHTC17B000T230
PVHTC18G000A301,PVHTC17B000065S,PVHTC17B000T355
PVHTC18G000A355,PVHTC17B000065S,PVHTC17B000T355
PVHTC18G000A361,PVHTC17B000065S,PVHTC17B000T355
PVHTC18G000A389,PVHTC17B000004S,PVHTC17B000T230
PVHTC18G000A593,0,0
PVHTC18G000B008,PVHTC17B000021S,PVHTC17B000T277
PVHTC18G000B011,PVHTC17B000025S,PVHTC17B000T294
PVHTC18G000B046,PVHTC17B000048S,PVHTC17B000T331
PVHTC18G000B050,PVHTC17B000012S,PVHTC17B000T361
PVHTC18G000B052,PVHTC17B000012S,PVHTC17B000T361
PVHTC18G000B060,PVHTC17B000026S,PVHTC17B000T296
PVHTC18G000B074,PVHTC17B000026S,PVHTC17B000T296
PVHTC18G000B119,PVHTC17B000053S,PVHTC17B000T339
PVHTC18G000B153,PVHTC17B000027S,PVHTC17B000T297
PVHTC18G000B205,PVHTC17B000063S,PVHTC17B000T352
PVHTC18G000B268,PVHTC17B000058S,PVHTC17B000T347
PVHTC18G000B272,PVHTC17B000034S,PVHTC17B000T311
PVHTC18G000B281,PVHTC17B000063S,PVHTC17B000T352
PVHTC18G000B289,PVHTC17B000061S,PVHTC17B000T350
PVHTC18G000B298,PVHTC17B000034S,PVHTC17B000T311
PVHTC18G000R006,PVHTC17B000060S,PVHTC17B000T344
PVHTC18G000R029,PVHTC17B000043S,PVHTC17B000T207
PVHTC18G000R056,PVHTC17B000060S,PVHTC17B000T344
PVHTC18G000R068,PVHTC17B000074S,PVHTC17B000T315
PVHTC18G000R079,PVHTC17B000050S,PVHTC17B000T334
PVHTC18G000R093,PVHTC17B000043S,PVHTC17B000T207
PVHTC18G000R098,PVHTC17B000050S,PVHTC17B000T334
PVHTC18G000R100,PVHTC17B000051S,PVHTC17B000T335
PVHTC18G000R122,PVHTC17B000036S,PVHTC17B000T313
PVHTC18G000R141,PVHTC17B000073S,PVHTC17B000T375
PVHTC18G000R155,PVHTC17B000051S,PVHTC17B000T335
PVHTC18G000R173,PVHTC17B000013S,PVHTC17B000T236
PVHTC18G000R180,PVHTC17B000028S,PVHTC17B000T301
PVHTC18G000R186,PVHTC17B000086S,PVHTC17B000T394
PVHTC18G000R238,PVHTC17B000010S,PVHTC17B000T224
PVHTC18G000R298,PVHTC17B000047S,PVHTC17B000T326
PVHTC18G000T312,0,0
PVHTC18G000T427,0,0
PVHTC18G000T458,0,0
PVHTC18G000T495,0,0
PVSIS18G0007004M,0,0
PVZWZ18G0105063M,0,0
PVZWZ18G0106044M,0,0
PVGSJ18G0011155M,PVGSJ17F030M092,PVGSJ17F030S558
PVGSJ18G0011082M,PVGSJ17F010M056,PVGSJ17F010R001
PVGSJ18G0011047M,PVGSJ17F010M032,PVGSJ17F010R391
PVHTC18G0006047M,0,0
PVGSJ18G0011015M,PVGSJ17F010M011,PVGSJ17F010R851
PVGSJ18G0011119M,PVGSJ17F010M073,PVGSJ17F010S676
PVGSJ18G0011017M,PVGSJ17F030M013,PVGSJ17F030R529
PVGSJ18G0011038M,PVGSJ17F010M026,PVGSJ17F010R791
PVGSJ18G0011114M,PVGSJ17F010M072,PVGSJ17F010S872
PVGSJ18G0011046M,PVGSJ17F010M031,PVGSJ17F010R887
PVGSJ18G0011113M,PVGSJ17F010M071,PVGSJ17F010R451
PVGSJ18G0011019M,PVGSJ17F010M015,PVGSJ17F010R837
PVHTC18G0006131M,0,0
PVGSJ18G0011037M,PVGSJ17F010M025,PVGSJ17F010R649
PVGSJ18G0011024M,PVGSJ17F010M019,PVGSJ17F010R277
PVGSJ18G0011129M,PVGSJ17F020M080,PVGSJ17F020R798
PVGSJ18G0011043M,PVGSJ17F010M030,PVGSJ17F010R899
PVGSJ18G0011134M,PVGSJ17F020M084,PVGSJ17F020S584
PVGSJ18G0011097M,PVGSJ17F010M061,PVGSJ17F010R494
PVGSJ18G0011018M,PVGSJ17F030M014,PVGSJ17F030R905
PVGSJ18G000A492,PVGSJ17F030M035,PVGSJ17F030R328
PVGSJ18G000R160,0,0
PVGSJ18G000A547,PVGSJ17F030M092,PVGSJ17F030S558
PVGSJ18G000A482,PVGSJ17F010M027,PVGSJ17F010R877
PVGSJ18G000A978,PVGSJ17F030M001,PVGSJ17F030R660
PVGSJ18G000C059,PVGSJ17F030M055,PVGSJ17F030R967
PVGSJ18G000C171,PVGSJ17F030M069,PVGSJ17F030R901
PVGSJ18G000A147,0,0
PVGSJ18G000A745,PVGSJ17F010M061,PVGSJ17F010R494
PVGSJ18G000A712,PVGSJ17F010M031,PVGSJ17F010R887
PVGSJ18G000A429,PVGSJ17F010M027,PVGSJ17F010R877
PVGSJ18G000A775,PVGSJ17F010M056,PVGSJ17F010R001
PVGSJ18G000A971,PVGSJ17F010M072,PVGSJ17F010S872
PVGSJ18G000B259,0,0
PVGSJ18G000A855,PVGSJ17F010M062,PVGSJ17F010R461
PVGSJ18G000A794,PVGSJ17F010M020,PVGSJ17F010R202
PVGSJ18G000A735,PVGSJ17F010M031,PVGSJ17F010R887
PVGSJ18G000A925,PVGSJ17F010M045,PVGSJ17F010R451
PVGSJ18G000A504,PVGSJ17F030M092,PVGSJ17F030S558
PVGSJ18G000A505,PVGSJ17F010M059,PVGSJ17F010R911
PVGSJ18G000C178,PVGSJ17F020M074,PVGSJ17F020S622
PVGSJ18G000C157,PVGSJ17F030M085,PVGSJ17F030R529
PVGSJ18G000A911,PVGSJ17F010M045,PVGSJ17F010R451
PVGSJ18G000A532,PVGSJ17F010M011,PVGSJ17F010R851
PVGSJ18G000C175,PVGSJ17F020M079,PVGSJ17F020S531
PVGSJ18G000C183,PVGSJ17F030M085,PVGSJ17F030R529
PVGSJ18G000A701,PVGSJ17F010M071,PVGSJ17F010R451
PVGSJ18G000A718,PVGSJ17F010M010,PVGSJ17F010R016
PVGSJ18G000C153,PVGSJ17F030M085,PVGSJ17F030R529
PVGSJ18G000A566,PVGSJ17F010M030,PVGSJ17F010R899
PVGSJ18G000A990,PVGSJ17F010M045,PVGSJ17F010R451
PVGSJ18G000A749,PVGSJ17F010M086,PVGSJ17F010S606
PVGSJ18G000C016,PVGSJ17F030M093,PVGSJ17F030S693
PVBPC19G0109341M,PVGSJ18G0011155M,PVGSJ18G000A492
PVBPC19G0106590M,0,0
PVBPC19G0109353M,PVGSJ18G0011082M,PVGSJ18G000R160
PVBPC19G0109491M,PVHTC18G0006007M,PVGSJ18G000A547
PVBPC19G0109H08M,0,0
PVBPC19G0109H03M,0,0
PVBPC19G0109H11M,0,0
PVBPC19G0109H10M,0,0
PVBPC19G0109H02M,0,0
PVBPC19G0109343M,PVGSJ18G0011047M,PVGSJ18G000A482
PVBPC19G0109496M,PVHTC18G0006047M,PVGSJ18G000A978
PVBPC19G0109464M,PVHTC18G0006030M,PVGSJ18G000C059
PVBPC19G0106596M,0,0
PVBPC19G0109493M,PVHTC18G0006133M,PVGSJ18G000C171
PVBPC19G0109326M,PVGSJ18G0011015M,PVGSJ18G000A147
PVBPC19G0109346M,PVGSJ18G0011119M,PVGSJ18G000A745
PVBPC19G0106497M,0,0
PVBPC19G0109M12M,0,0
PVBPC19G0109397M,PVGSJ18G0011017M,PVGSJ18G000A492
PVBPC19G0109H06M,0,0
PVBPC19G0109291M,PVGSJ18G0011038M,PVGSJ18G000A712
PVBPC19G0109410M,PVGSJ18G0011047M,PVGSJ18G000A429
PVBPC19G0109380M,PVGSJ18G0011114M,PVGSJ18G000A775
PVBPC19G0109019M,PVGSJ18G0011046M,PVGSJ18G000A971
PVBPC19G0109452M,PVGSJ18G0011113M,PVGSJ18G000B259
PVBPC19G0109002M,PVGSJ18G0011019M,PVGSJ18G000A855
PVBPC19G0109220M,PVHTC18G0006131M,PVGSJ18G000A794
PVBPC19G0109M06M,0,0
PVBPC19G0109007M,PVGSJ18G0011037M,PVGSJ18G000A735
PVBPC19G0109442M,PVGSJ18G0011114M,PVGSJ18G000A925
PVBPC19G0109490M,PVHTC18G0006082M,PVGSJ18G000A504
PVBPC19G0109M09M,0,0
PVBPC19G0109438M,PVGSJ18G0011024M,PVGSJ18G000A505
PVBPC19G0109M05M,0,0
PVBPC19G0109432M,PVGSJ18G0011129M,PVGSJ18G000C178
PVBPC19G0109M04M,0,0
PVBPC19G0109462M,PVHTC18G0006043M,PVGSJ18G000C157
PVBPC19G010772S,0,0
PVBPC19G010900S,PVGSJ18G0011017M,PVGSJ18G000A492
PVBPC19G010723S,0,0
PVBPC19G010278S,0,0
PVBPC19G010979S,PVGSJ18G0011043M,PVGSJ18G000A911
PVBPC19G010431S,0,0
PVBPC19G010913S,PVGSJ18G0011047M,PVGSJ18G000A429
PVBPC19G010219S,PVHTC18G0006043M,PVGSJ18G000A532
PVBPC19G010939S,PVGSJ18G0011155M,PVGSJ18G000A492
PVBPC19G010413S,PVGSJ18G0011134M,PVGSJ18G000C175
PVBPC19G010442S,0,0
PVBPC19G010732S,0,0
PVBPC19G010774S,PVHTC18G0006013M,PVGSJ18G000C183
PVBPC19G010771S,PVGSJ18G0011082M,PVGSJ18G000A701
PVBPC19G010119S,PVHTC18G0006047M,PVGSJ18G000A978
PVBPC19G010954S,0,0
PVBPC19G010490S,PVGSJ18G0011097M,PVGSJ18G000A718
PVBPC19G010654S,0,0
PVBPC19G010728S,0,0
PVBPC19G010193S,0,0
PVBPC19G010401S,PVGSJ18G0011018M,PVGSJ18G000C153
PVBPC19G010908S,PVGSJ18G0011019M,PVGSJ18G000A566
PVBPC19G010691S,PVGSJ18G0011119M,PVGSJ18G000A745
PVBPC19G010684S,PVGSJ18G0011043M,PVGSJ18G000A990
PVBPC19G010673S,0,0
PVBPC19G010432S,0,0
PVBPC19G010196S,PVHTC18G0006047M,PVGSJ18G000A978
PVBPC19G010195S,PVHTC18G0006133M,PVGSJ18G000C171
PVBPC19G010473S,0,0
PVBPC19G010108S,PVHTC18G0006043M,PVGSJ18G000C157
PVBPC19G010123S,PVGSJ18G0011129M,PVGSJ18G000C178
PVBPC19G010024S,0,0
PVBPC19G010234S,0,0
PVBPC19G010789S,0,0
PVBPC19G010620S,PVHTC18G0006047M,PVGSJ18G000A749
PVBPC19G010526S,0,0
PVBPC19G010937S,PVHTC18G0006071M,PVGSJ18G000C016
PVBPC19G010116S,PVHTC18G0006133M,PVGSJ18G000C171
PVBPC19G010791S,PVHTC18G0006012M,PVGSJ18G000A911
PVBPC19G010987S,PVGSJ18G0011037M,PVGSJ18G000A794
PVBPC19G0006756M,0,PVHTC18G000T427
PVBPC19G0006786M,0,PVHTC18G000A593
PVBPC19G0006812M,0,PVHTC18G000A095
PVBPC19G000900A,0,PVHTC18G000A081
PVBPC19G000906A,0,PVHTC18G000A023
PVBPC19G000925A,0,PVHTC18G000T458
PVBPC19G000933A,0,PVHTC18G000T427
PVBPC19G000937A,0,PVHTC18G000T495
PVBPC19G000940A,0,PVHTC18G000A023
PVBPC19G000995A,0,PVHTC18G000A095
PVBPC19G000998A,0,PVHTC18G000A023
PVBPC19G010021A,PVHTC18G0006061M,PVHTC18G000B205
PVBPC19G010035A,PVHTC18G0006065M,PVHTC18G000A355
PVBPC19G010105A,PVHTC18G0006142M,PVHTC18G000B050
PVBPC19G010120A,PVHTC18G0006031M,PVHTC18G000R029
PVBPC19G010130A,PVHTC18G0006079M,PVHTC18G000R079
PVBPC19G010144A,PVHTC18G0006031M,PVHTC18G000R029
PVBPC19G010146A,PVHTC18G0006060M,PVHTC18G000A361
PVBPC19G010156A,PVHTC18G0006012M,PVHTC18G000B052
PVBPC19G010184A,PVHTC18G0006079M,PVHTC18G000R079
PVBPC19G010268A,PVHTC18G0006125M,PVHTC18G000R155
PVBPC19G010283A,PVHTC18G0006030M,PVHTC18G000A265
PVBPC19G010304A,PVHTC18G0006037M,PVHTC18G000A172
PVBPC19G010309A,PVHTC18G0006013M,PVHTC18G000A229
PVBPC19G010338A,PVHTC18G0006141M,PVHTC18G000R173
PVBPC19G010427A,PVHTC18G0006032M,PVHTC18G000A237
PVBPC19G010589A,PVHTC18G0006133M,PVHTC18G000B281
PVBPC19G010600A,PVHTC18G0006013M,PVHTC18G000B060
PVBPC19G010600AM,PVHTC18G0006051M,PVHTC18G000B119
PVBPC19G010600BM,PVHTC18G0006043M,PVHTC18G000R100
PVBPC19G010600CM,PVHTC18G0006031M,PVHTC18G000A176
PVBPC19G010600FM,PVHTC18G0006061M,PVHTC18G000B205
PVBPC19G010600GM,PVHTC18G0006030M,PVHTC18G000A265
PVBPC19G0106052M,PVHTC18G0006007M,PVHTC18G000A117
PVBPC19G0106119M,PVHTC18G0006010M,PVHTC18G000R056
PVBPC19G0106140M,PVHTC18G0006031M,PVHTC18G000R029
PVBPC19G0106159M,PVHTC18G0006142M,PVHTC18G000B050
PVBPC19G0106245M,PVHTC18G0006039M,PVHTC18G000A104
PVBPC19G0106253M,PVHTC18G0006141M,PVHTC18G000R006
PVBPC19G0106374M,PVHTC18G0006013M,PVHTC18G000B060
PVBPC19G0106450M,PVHTC18G0006051M,PVHTC18G000R093
PVBPC19G0106451M,PVHTC18G0006089M,PVHTC18G000R298
PVBPC19G0106464M,PVHTC18G0006051M,PVHTC18G000R098
PVBPC19G0106475M,PVHTC18G0006007M,PVHTC18G000R238
PVBPC19G0106491M,PVHTC18G0006024M,PVHTC18G000B074
PVBPC19G0106506M,PVHTC18G0006013M,PVHTC18G000A301
PVBPC19G0106514M,PVHTC18G0006060M,PVHTC18G000A389
PVBPC19G0106535M,PVHTC18G0006060M,PVHTC18G000A230
PVBPC19G0106600M,PVHTC18G0006009M,PVHTC18G000B011
PVBPC19G0106606,PVSIS18G0007004M,PVHTC18G000R006
PVBPC19G010664A,PVHTC18G0006099M,PVHTC18G000B298
PVBPC19G010667A,PVHTC18G0006012M,PVHTC18G000R180
PVBPC19G0106694M,PVHTC18G0006013M,PVHTC18G000A229
PVBPC19G0106697M,PVHTC18G0006082M,PVHTC18G000R186
PVBPC19G0106716M,0,PVHTC18G000B008
PVBPC19G0106764M,PVHTC18G0006032M,PVHTC18G000R068
PVBPC19G0106803M,PVHTC18G0006143M,PVHTC18G000B289
PVBPC19G0106828M,PVHTC18G0006065M,PVHTC18G000R141
PVBPC19G0107001M,PVHTC18G0006031M,PVHTC18G000R122
PVBPC19G0107011M,0,PVHTC18G000T312
PVBPC19G0107023M,PVHTC18G0006065M,PVHTC18G000B046
PVBPC19G010712A,PVHTC18G0006035M,PVHTC18G000A284
PVBPC19G010728A,PVHTC18G0006074M,PVHTC18G000B153
PVBPC19G010736A,PVHTC18G0006074M,PVHTC18G000B153
PVBPC19G010774A,PVHTC18G0006143M,PVHTC18G000B268
PVBPC19G010D101,0,0
PVBPC19G010T808,0,0
PVBPC19G0206456M,PVHTC18G0006032M,PVHTC18G000B272
PVGDU19G20090006M,0,0
PVGDU19G20090008M,0,0
PVGSJ18G001C016,PVGSJ17F030M093M,PVGSJ17F030S693
PVHTC18G0006071M,0,PVHTC17B000033S
PVHTC19G0106011M,0,0
PVHTC19G0106064M,0,0
PVHTC19G0106103M,0,0
PVHTC19G010821A,0,0
PVHTC19G010868A,0,0
PVHTC19G010874A,0,0
PVHTC19G010877A,0,0
PVHTC19G010897A,0,0
PVHYC19B0072001M,0,0
PVHYC19B007813A,0,0
PVHYC19B007824A,0,0
PVHYC19B007828A,0,0
PVHYC19B007855A,0,0
PVZWZ19G0205060M,PVZWZ18G0106044M,0
PVZWZ19G020C960,PVZWZ18G0105063M,0
PVZZC19B007C798,0,0
PVZZC19B007C916,0,0
PVBPC19G010253B,PVHTC18G0006071M,PVGSJ18G001C016
PVBPC20G010039M,PVBPC19G0006812M,PVBPC19G000906A
PVBPC20G010073K,PVBPC19G0006786M,PVBPC19G000937A
PVBPC20G010085M,PVBPC19G0006786M,PVBPC19G000933A
PVBPC20G010271F,PVBPC19G0006756M,PVBPC19G000998A
PVBPC20G010308F,PVZWZ19G0205060M,PVZWZ19G020C960
PVBPC20G0106182M,PVHYC19B0072001M,PVBPC19G000995A
PVBPC20G0106476M1,PVBPC19G0006756M,PVBPC19G000900A
PVBPC20G0106476M2,PVBPC19G0006756M,PVBPC19G000900A
PVBPC20G0106498M,PVBPC19G0006812M,PVBPC19G000906A
PVBPC20G0106H03M1,PVZWZ19G0205060M,PVZWZ19G020C960
PVBPC20G0106H03M2,PVZWZ19G0205060M,PVZWZ19G020C960
PVBPC20G020006F,PVBPC19G010600BM,0
PVBPC20G020016F,PVBPC19G0106764M,PVBPC19G010120A
PVBPC20G020052M,PVHTC19G0106064M,PVHTC19G010868A
PVBPC20G020147M,PVBPC19G0106475M,PVBPC19G010774A
PVBPC20G020160M,PVBPC19G0106475M,PVBPC19G010774A
PVBPC20G020167K,PVBPC19G0106159M,PVHYC19B007828A
PVBPC20G020240K,PVHTC19G0106103M,PVHTC19G010821A
PVBPC20G020252M,PVBPC19G0106716M,PVBPC19G0106606
PVBPC20G020258M,PVBPC19G010600FM,0
PVBPC20G020261M,PVBPC19G010600FM,0
PVBPC20G020295M,PVBPC19G010600FM,0
PVBPC20G020309M,PVBPC19G010600GM,PVBPC19G010268A
PVBPC20G020329F,PVBPC19G010600CM,PVBPC19G010105A
PVBPC20G020359P,0,PVBPC19G010D101
PVBPC20G020371M,PVBPC19G0106253M,0
PVBPC20G020437K,PVBPC19G0107023M,PVHYC19B007824A
PVBPC20G020457F,PVBPC19G0106451M,PVBPC19G010667A
PVBPC20G020466M,PVBPC19G0106491M,PVHYC19B007855A
PVBPC20G020474K,PVBPC19G0106052M,PVBPC19G000940A
PVBPC20G0205001M1,PVBPC19G0106450M,PVBPC19G010130A
PVBPC20G0205001M2,PVBPC19G0106450M,PVBPC19G010130A
PVBPC20G0205061M1,PVBPC19G0106119M,PVBPC19G010589A
PVBPC20G0205061M2,PVBPC19G0106119M,PVBPC19G010589A
PVBPC20G0205061M3,PVBPC19G0106119M,PVBPC19G010589A
PVBPC20G0205065M,PVBPC19G0106464M,PVBPC19G010184A
PVBPC20G0205081M,PVBPC19G0106694M,PVBPC19G010035A
PVBPC20G0205105M,PVBPC19G0106535M,PVBPC19G010736A
PVBPC20G020511F,PVHTC19G0106011M,PVHTC19G010877A
PVBPC20G0205127M,PVBPC19G0106374M,PVBPC19G010600A
PVBPC20G0205136M1,PVBPC19G0106764M,PVBPC19G010144A
PVBPC20G0205136M2,PVBPC19G0106764M,PVBPC19G010144A
PVBPC20G0205136M3,PVBPC19G0106764M,PVBPC19G010144A
PVBPC20G0205136M4,PVBPC19G0106764M,PVBPC19G010144A
PVBPC20G0205136M5,PVBPC19G0106764M,PVBPC19G010144A
PVBPC20G0205157M1,PVBPC19G0107001M,PVBPC19G010427A
PVBPC20G0205157M2,PVBPC19G0107001M,PVBPC19G010427A
PVBPC20G0205157M3,PVBPC19G0107001M,PVBPC19G010427A
PVBPC20G0205175M,PVBPC19G0106140M,PVBPC19G010338A
PVBPC20G0205220M1,PVBPC19G0106828M,PVBPC19G010427A
PVBPC20G0205220M2,PVBPC19G0106828M,PVBPC19G010427A
PVBPC20G020528F,PVHTC19G0106103M,PVHTC19G010897A
PVBPC20G0205295M,PVBPC19G0106451M,PVBPC19G010021A
PVBPC20G0205314M,PVBPC19G0107001M,PVBPC19G010427A
PVBPC20G0205364M,PVBPC19G0106514M,PVBPC19G010728A
PVBPC20G0205374M,PVBPC19G0106803M,PVBPC19G010309A
PVBPC20G0205H01M,PVBPC19G010600BM,0
PVBPC20G0206130M,PVBPC19G0106052M,PVHYC19B007813A
PVBPC20G0206369M,PVHTC19G0106064M,PVHTC19G010874A
PVBPC20G0206501M,PVBPC19G0107011M,PVBPC19G000925A
PVBPC20G020689F,PVBPC19G0106245M,0
PVBPC20G0207005M,PVBPC19G0106716M,PVBPC19G0106606
PVBPC20G020710F,PVBPC19G010600BM,PVBPC19G010664A
PVBPC20G020769F,PVBPC19G0106600M,PVBPC19G010156A
PVBPC20G020771F,PVBPC19G0106451M,PVBPC19G010021A
PVBPC20G020772F,PVBPC19G0107001M,PVBPC19G010427A
PVBPC20G020833P,0,PVBPC19G010T808
PVBPC20G0209002M,0,0
PVBPC20G020C333,PVBPC19G0106374M,PVBPC19G010600A
PVBPC20G020C339,PVBPC19G0106450M,PVBPC19G010283A
PVBPC20G020C383,PVBPC19G0106374M,PVBPC19G010600A
PVBPC20G020C390,PVBPC19G010600AM,PVBPC19G010146A
PVBPC20G020C804,PVBPC19G0106374M,PVBPC19G010712A
PVBPC20G020C805,PVBPC19G0106506M,0
PVBPC20G020C836,PVBPC19G0106697M,PVBPC19G010304A
PVBPC20G020C878,PVBPC19G0106697M,PVBPC19G010304A
PVBPC20G020C896,PVBPC19G0106828M,PVBPC19G010427A
PVBPC20G030281M,PVBPC19G0206456M,PVBPC19G000995A
PVBPC20G210109K,PVGDU19G20090006M,PVZZC19B007C798
PVBPC20G2106561M,PVGDU19G20090006M,PVZZC19B007C798
PVBPC20G2106614M,PVGDU19G20090008M,PVZZC19B007C916
PVBPC20G0210251M,PVBPC19G0109341M,PVBPC19G010772S
PVBPC20G0210394M,PVBPC19G0106590M,PVBPC19G010900S
PVBPC20G0210347M,PVBPC19G0106491M,PVBPC19G010723S
PVBPC20G0210360M,PVBPC19G0109353M,PVBPC19G010278S
PVBPC20G0210361M,PVBPC19G0109491M,PVBPC19G010979S
PVBPC20G0210432M,PVBPC19G0109H08M,PVBPC19G010278S
PVBPC20G0210432M1,PVBPC19G0109H08M,PVBPC19G010278S
PVBPC20G0210432M2,PVBPC19G0109H08M,PVBPC19G010278S
PVBPC20G0210419M,PVBPC19G0109H03M,PVBPC19G010431S
PVBPC20G0210419M1,PVBPC19G0109H03M,PVBPC19G010431S
PVBPC20G0210419M2,PVBPC19G0109H03M,PVBPC19G010431S
PVBPC20G0210419M3,PVBPC19G0109H03M,PVBPC19G010431S
PVBPC20G0210028M,PVBPC19G0109H11M,PVBPC19G010913S
PVBPC20G0210327M1,PVBPC19G0109341M,PVBPC19G010219S
PVBPC20G0210327M2,PVBPC19G0109341M,PVBPC19G010219S
PVBPC20G0210645M,PVBPC19G0107023M,PVBPC19G010939S
PVBPC20G0210434M,PVBPC19G0109H10M,PVBPC19G010413S
PVBPC20G0210434M1,PVBPC19G0109H10M,PVBPC19G010413S
PVBPC20G0210434M2,PVBPC19G0109H10M,PVBPC19G010413S
PVBPC20G0210511M,PVBPC19G0109H02M,PVBPC19G010442S
PVBPC20G0210498M1,PVBPC19G0109343M,PVBPC19G010732S
PVBPC20G0210498M2,PVBPC19G0109343M,PVBPC19G010732S
PVBPC20G0210498M3,PVBPC19G0109343M,PVBPC19G010732S
PVBPC20G0210498M4,PVBPC19G0109343M,PVBPC19G010732S
PVBPC20G0210042M,PVBPC19G0109496M,PVBPC19G010774S
PVBPC20G0210417M1,PVBPC19G0109464M,PVBPC19G010774S
PVBPC20G0210417M2,PVBPC19G0109464M,PVBPC19G010774S
PVBPC20G0210417M3,PVBPC19G0109464M,PVBPC19G010774S
PVBPC20G0210417M4,PVBPC19G0109464M,PVBPC19G010774S
PVBPC20G0210510M1,PVBPC19G0106596M,PVBPC19G010771S
PVBPC20G0210510M2,PVBPC19G0106596M,PVBPC19G010771S
PVBPC20G0210606M,PVBPC19G0109493M,PVBPC19G010119S
PVBPC20G0210438M,PVBPC19G0109326M,PVBPC19G010954S
PVBPC20G0210438M1,PVBPC19G0109326M,PVBPC19G010954S
PVBPC20G0210438M2,PVBPC19G0109326M,PVBPC19G010954S
PVBPC20G0210437M,PVBPC19G0109346M,PVBPC19G010490S
PVBPC20G0210089M,PVBPC19G0109353M,PVBPC19G010654S
PVBPC20G0210218M,PVBPC19G0106497M,PVBPC19G010728S
PVBPC20G0210218M1,PVBPC19G0106497M,PVBPC19G010728S
PVBPC20G0210218M2,PVBPC19G0106497M,PVBPC19G010728S
PVBPC20G0210344M,PVBPC19G0109M12M,PVBPC19G010193S
PVBPC20G0210344M1,PVBPC19G0109M12M,PVBPC19G010193S
PVBPC20G0210344M2,PVBPC19G0109M12M,PVBPC19G010193S
PVBPC20G0210522M,PVBPC19G0109346M,PVBPC19G010401S
PVBPC20G0210025M,PVBPC19G0109397M,PVBPC19G010193S
PVBPC20G0210025M1,PVBPC19G0109397M,PVBPC19G010193S
PVBPC20G0210025M2,PVBPC19G0109397M,PVBPC19G010193S
PVBPC20G0210490M,PVBPC19G0106596M,PVBPC19G010908S
PVBPC20G0209014M,0,0
PVBPC20G0210029M,PVBPC19G0109353M,PVBPC19G010490S
PVBPC20G0210029M1,PVBPC19G0109353M,PVBPC19G010490S
PVBPC20G0210029M2,PVBPC19G0109353M,PVBPC19G010490S
PVBPC20G0210029M3,PVBPC19G0109353M,PVBPC19G010490S
PVBPC20G0210651M,PVBPC19G0106052M,PVBPC19G010691S
PVBPC20G0210229M,PVBPC19G0109H06M,PVBPC19G010684S
PVBPC20G0210462M,PVBPC19G0109291M,PVBPC19G010673S
PVBPC20G0210420M,PVBPC19G0109410M,PVBPC19G010939S
PVBPC20G02166H,PVBPC19G0109380M,PVBPC19G010774S
PVBPC20G02222H,PVBPC19G0109496M,PVBPC19G010774S
PVBPC20G02434H,PVBPC19G0109019M,PVBPC19G010442S
PVBPC20G02501H,PVBPC19G0109H08M,PVBPC19G010278S
PVBPC20G02220H,PVBPC19G0109452M,PVBPC19G010432S
PVBPC20G02568H,PVBPC19G0106491M,PVBPC19G010723S
PVBPC20G02194H,PVBPC19G0109464M,PVBPC19G010774S
PVBPC20G02140H,PVBPC19G0109380M,PVBPC19G010774S
PVBPC20G02264H,PVBPC19G0109002M,PVBPC19G010196S
PVBPC20G02164H,PVBPC19G0109002M,PVBPC19G010195S
PVBPC20G02493H,PVBPC19G0109002M,PVBPC19G010473S
PVBPC20G02168H,PVBPC19G0109291M,PVBPC19G010108S
PVBPC20G02081H,PVBPC19G0109220M,PVBPC19G010123S
PVBPC20G02131H,PVBPC19G0109380M,PVBPC19G010774S
PVBPC20G02531H,PVBPC19G0109343M,PVBPC19G010732S
PVBPC20G02240H,PVBPC19G0109002M,PVBPC19G010196S
PVBPC20G02527H,PVBPC19G0109H06M,PVBPC19G010684S
PVBPC20G02554H,PVBPC19G0109M06M,PVBPC19G010024S
PVBPC20G02289H,PVBPC19G0106497M,PVBPC19G010728S
PVBPC20G02641H,PVBPC19G0109H02M,PVBPC19G010234S
PVBPC20G02118H,PVBPC19G0109464M,PVBPC19G010774S
PVBPC20G02548H,PVBPC19G0109H06M,PVBPC19G010789S
PVBPC20G02649K,0,0
PVBPC20G02017H,PVBPC19G0109220M,PVBPC19G010123S
PVBPC20G02343H,PVBPC19G0109H02M,PVBPC19G010234S
PVBPC20G02444H,PVBPC19G0109007M,PVBPC19G010620S
PVBPC20G02364H,PVBPC19G0109442M,PVBPC19G010526S
PVBPC20G02342H,PVBPC19G0109490M,PVBPC19G010937S
PVBPC20G02098H,PVBPC19G0109H11M,PVBPC19G010913S
PVBPC20G02318H,PVBPC19G0109M09M,PVBPC19G010979S
PVBPC20G02073H,PVBPC19G0109438M,PVBPC19G010116S
PVBPC20G02167H,PVBPC19G0109353M,PVBPC19G010278S
PVBPC20G02556H,PVBPC19G0109M05M,PVBPC19G010791S
PVBPC20G02094H,PVBPC19G0109432M,PVBPC19G010526S
PVBPC20G02389H,PVBPC19G0106052M,PVBPC19G010193S
PVBPC20G02093H,PVBPC19G0109M04M,PVBPC19G010772S
PVBPC20G02380H,PVBPC19G0109462M,PVBPC19G010987S
PVBPC20G0205220M,PVBPC19G0106828M,PVBPC19G010427A
PVBPC20G0106H03M,PVZWZ19G0205060M,PVZWZ19G020C960
PVBPC20G0106476M,PVBPC19G0006756M,PVBPC19G000900A
PVBPC21G02GK4236F1,0,PVBPC20G010039M
PVBPC21G02GK4236F2,0,PVBPC20G010039M
PVBPC21G02GK4236F3,0,PVBPC20G010039M
PVBPC21G02GK4236M1,0,PVBPC20G010039M
PVBPC21G02GK4236M2,0,PVBPC20G010039M
PVBPC21G02GK6577F1,PVBPC20G0106476M1,PVBPC20G010271F
PVBPC21G02GK6577F2,PVBPC20G0106476M1,PVBPC20G010271F
PVBPC21G02GK6577F3,PVBPC20G0106476M1,PVBPC20G010271F
PVBPC21G02GK6577M1,PVBPC20G0106476M1,PVBPC20G010271F
PVBPC21G02GK6577M2,PVBPC20G0106476M1,PVBPC20G010271F
PVBPC21G02591X,PVBPC20G0106476M2,PVBPC20G010073K
PVBPC21G02GK6621F1,PVBPC20G0106476M2,PVBPC20G010073K
PVBPC21G02GK6621F2,PVBPC20G0106476M2,PVBPC20G010073K
PVBPC21G02GK6621F3,PVBPC20G0106476M2,PVBPC20G010073K
PVBPC21G02GK6621M1,PVBPC20G0106476M2,PVBPC20G010073K
PVBPC21G02GK6621M2,PVBPC20G0106476M2,PVBPC20G010073K
PVBPC21G03744H,PVBPC20G0205136M3,PVBPC20G020261M
PVBPC21G03GK4237F1,PVBPC20G0205136M3,PVBPC20G020261M
PVBPC21G03GK4237F2,PVBPC20G0205136M3,PVBPC20G020261M
PVBPC21G03GK4237F3,PVBPC20G0205136M3,PVBPC20G020261M
PVBPC21G03GK4237M1,PVBPC20G0205136M3,PVBPC20G020261M
PVBPC21G03GK4237M2,PVBPC20G0205136M3,PVBPC20G020261M
PVBPC21G03GK4300F1,PVBPC20G0205136M4,PVBPC19G010253B
PVBPC21G03GK4300F2,PVBPC20G0205136M4,PVBPC19G010253B
PVBPC21G03GK4300F3,PVBPC20G0205136M4,PVBPC19G010253B
PVBPC21G03GK4300M1,PVBPC20G0205136M4,PVBPC19G010253B
PVBPC21G03GK4300M2,PVBPC20G0205136M4,PVBPC19G010253B
PVBPC21G03GK4312F1,PVBPC20G0205081M,PVBPC20G010085M
PVBPC21G03GK4312F2,PVBPC20G0205081M,PVBPC20G010085M
PVBPC21G03GK4312F3,PVBPC20G0205081M,PVBPC20G010085M
PVBPC21G03GK4312M1,PVBPC20G0205081M,PVBPC20G010085M
PVBPC21G03GK4312M2,PVBPC20G0205081M,PVBPC20G010085M
PVBPC21G03794H,PVBPC20G0205136M1,PVBPC20G020261M
PVBPC21G03728H,PVBPC20G0205136M1,PVBPC20G020261M
PVBPC21G03GK4321F1,PVBPC20G0205136M1,PVBPC20G020261M
PVBPC21G03GK4321F2,PVBPC20G0205136M1,PVBPC20G020261M
PVBPC21G03GK4321F3,PVBPC20G0205136M1,PVBPC20G020261M
PVBPC21G03GK4321M1,PVBPC20G0205136M1,PVBPC20G020261M
PVBPC21G03GK4321M2,PVBPC20G0205136M1,PVBPC20G020261M
PVBPC21G03GK4550F1,0,PVBPC20G020052M
PVBPC21G03GK4550F2,0,PVBPC20G020052M
PVBPC21G03GK4550F3,0,PVBPC20G020052M
PVBPC21G03GK4550M1,0,PVBPC20G020052M
PVBPC21G03GK4550M2,0,PVBPC20G020052M
PVBPC21G03633H,PVBPC20G0205136M5,PVBPC20G020295M
PVBPC21G03GK4583F1,PVBPC20G0205136M5,PVBPC20G020295M
PVBPC21G03GK4583F2,PVBPC20G0205136M5,PVBPC20G020295M
PVBPC21G03GK4583F3,PVBPC20G0205136M5,PVBPC20G020295M
PVBPC21G03GK4583M1,PVBPC20G0205136M5,PVBPC20G020295M
PVBPC21G03GK4583M2,PVBPC20G0205136M5,PVBPC20G020295M
PVBPC21G03714H,0,PVBPC20G020371M
PVBPC21G03GK4647F1,0,PVBPC20G020371M
PVBPC21G03GK4647F2,0,PVBPC20G020371M
PVBPC21G03GK4647F3,0,PVBPC20G020371M
PVBPC21G03GK4647M1,0,PVBPC20G020371M
PVBPC21G03GK4647M2,0,PVBPC20G020371M
PVBPC21G03720H,PVBPC20G0205105M,PVBPC20G020147M
PVBPC21G03GK4742F1,PVBPC20G0205105M,PVBPC20G020147M
PVBPC21G03GK4742F2,PVBPC20G0205105M,PVBPC20G020147M
PVBPC21G03GK4742F3,PVBPC20G0205105M,PVBPC20G020147M
PVBPC21G03GK4742M1,PVBPC20G0205105M,PVBPC20G020147M
PVBPC21G03GK4742M2,PVBPC20G0205105M,PVBPC20G020147M
PVBPC21G03688H,0,PVBPC20G020252M
PVBPC21G03GK4769F1,0,PVBPC20G020252M
PVBPC21G03GK4769F2,0,PVBPC20G020252M
PVBPC21G03GK4769F3,0,PVBPC20G020252M
PVBPC21G03GK4769M1,0,PVBPC20G020252M
PVBPC21G03GK4769M2,0,PVBPC20G020252M
PVBPC21G03707H,0,PVBPC20G020160M
PVBPC21G03770H,0,PVBPC20G020160M
PVBPC21G03GK4822F1,0,PVBPC20G020160M
PVBPC21G03GK4822F2,0,PVBPC20G020160M
PVBPC21G03GK4822F3,0,PVBPC20G020160M
PVBPC21G03GK4822M1,0,PVBPC20G020160M
PVBPC21G03GK4822M2,0,PVBPC20G020160M
PVBPC21G03GK4935F1,PVBPC20G0205136M2,PVBPC20G020258M
PVBPC21G03GK4935F2,PVBPC20G0205136M2,PVBPC20G020258M
PVBPC21G03GK4935F3,PVBPC20G0205136M2,PVBPC20G020258M
PVBPC21G03GK4935M1,PVBPC20G0205136M2,PVBPC20G020258M
PVBPC21G03GK4935M2,PVBPC20G0205136M2,PVBPC20G020258M
PVBPC21G03739H,PVBPC20G0106498M,PVBPC20G020309M
PVBPC21G03GK5013F1,PVBPC20G0106498M,PVBPC20G020309M
PVBPC21G03GK5013F2,PVBPC20G0106498M,PVBPC20G020309M
PVBPC21G03GK5013F3,PVBPC20G0106498M,PVBPC20G020309M
PVBPC21G03GK5013M1,PVBPC20G0106498M,PVBPC20G020309M
PVBPC21G03GK5013M2,PVBPC20G0106498M,PVBPC20G020309M
PVBPC21G03GK5082F1,0,PVBPC20G020466M
PVBPC21G03GK5082F2,0,PVBPC20G020466M
PVBPC21G03GK5082F3,0,PVBPC20G020466M
PVBPC21G03GK5082M1,0,PVBPC20G020466M
PVBPC21G03GK5082M2,0,PVBPC20G020466M
PVBPC21G03548X,PVBPC20G0205001M1,PVBPC20G020769F
PVBPC21G03GK6326F1,PVBPC20G0205001M1,PVBPC20G020769F
PVBPC21G03GK6326F2,PVBPC20G0205001M1,PVBPC20G020769F
PVBPC21G03GK6326F3,PVBPC20G0205001M1,PVBPC20G020769F
PVBPC21G03GK6326M1,PVBPC20G0205001M1,PVBPC20G020769F
PVBPC21G03GK6326M2,PVBPC20G0205001M1,PVBPC20G020769F
PVBPC21G03GK6374F1,PVBPC20G0205364M,PVBPC20G020006F
PVBPC21G03GK6374F2,PVBPC20G0205364M,PVBPC20G020006F
PVBPC21G03GK6374F3,PVBPC20G0205364M,PVBPC20G020006F
PVBPC21G03GK6374M1,PVBPC20G0205364M,PVBPC20G020006F
PVBPC21G03GK6374M2,PVBPC20G0205364M,PVBPC20G020006F
PVBPC21G03GK6450F1,PVBPC20G2106561M,PVBPC20G020833P
PVBPC21G03GK6450F2,PVBPC20G2106561M,PVBPC20G020833P
PVBPC21G03GK6450F3,PVBPC20G2106561M,PVBPC20G020833P
PVBPC21G03GK6450M1,PVBPC20G2106561M,PVBPC20G020833P
PVBPC21G03GK6450M2,PVBPC20G2106561M,PVBPC20G020833P
PVBPC21G03GK6481F1,PVBPC20G0205065M,PVBPC20G020689F
PVBPC21G03GK6481F2,PVBPC20G0205065M,PVBPC20G020689F
PVBPC21G03GK6481F3,PVBPC20G0205065M,PVBPC20G020689F
PVBPC21G03GK6481M1,PVBPC20G0205065M,PVBPC20G020689F
PVBPC21G03GK6481M2,PVBPC20G0205065M,PVBPC20G020689F
PVBPC21G03GK6524F1,PVBPC20G0206130M,PVBPC20G020528F
PVBPC21G03GK6524F2,PVBPC20G0206130M,PVBPC20G020528F
PVBPC21G03GK6524F3,PVBPC20G0206130M,PVBPC20G020528F
PVBPC21G03GK6524M1,PVBPC20G0206130M,PVBPC20G020528F
PVBPC21G03GK6524M2,PVBPC20G0206130M,PVBPC20G020528F
PVBPC21G03949H,PVBPC20G0106182M,PVBPC20G020511F
PVBPC21G03GK6527F1,PVBPC20G0106182M,PVBPC20G020511F
PVBPC21G03GK6527F2,PVBPC20G0106182M,PVBPC20G020511F
PVBPC21G03GK6527F3,PVBPC20G0106182M,PVBPC20G020511F
PVBPC21G03GK6527M1,PVBPC20G0106182M,PVBPC20G020511F
PVBPC21G03GK6527M2,PVBPC20G0106182M,PVBPC20G020511F
PVBPC21G03966H,PVBPC20G0205H01M,PVBPC20G020457F
PVBPC21G03GK6568F1,PVBPC20G0205H01M,PVBPC20G020457F
PVBPC21G03GK6568F2,PVBPC20G0205H01M,PVBPC20G020457F
PVBPC21G03GK6568F3,PVBPC20G0205H01M,PVBPC20G020457F
PVBPC21G03GK6568M1,PVBPC20G0205H01M,PVBPC20G020457F
PVBPC21G03GK6568M2,PVBPC20G0205H01M,PVBPC20G020457F
PVBPC21G03590X,PVBPC20G0207005M,PVBPC20G010308F
PVBPC21G03GK6580F1,PVBPC20G0207005M,PVBPC20G010308F
PVBPC21G03GK6580F2,PVBPC20G0207005M,PVBPC20G010308F
PVBPC21G03GK6580F3,PVBPC20G0207005M,PVBPC20G010308F
PVBPC21G03GK6580M1,PVBPC20G0207005M,PVBPC20G010308F
PVBPC21G03GK6580M2,PVBPC20G0207005M,PVBPC20G010308F
PVBPC21G03GK6585F1,PVBPC20G0205061M1,PVBPC20G020772F
PVBPC21G03GK6585F2,PVBPC20G0205061M1,PVBPC20G020772F
PVBPC21G03GK6585F3,PVBPC20G0205061M1,PVBPC20G020772F
PVBPC21G03GK6585M1,PVBPC20G0205061M1,PVBPC20G020772F
PVBPC21G03GK6585M2,PVBPC20G0205061M1,PVBPC20G020772F
PVBPC21G03GK6585M3,PVBPC20G0205061M1,PVBPC20G020772F
PVBPC21G03GK6600F1,PVBPC20G0205314M,0
PVBPC21G03GK6600F2,PVBPC20G0205314M,0
PVBPC21G03GK6600F3,PVBPC20G0205314M,0
PVBPC21G03GK6600M1,PVBPC20G0205314M,0
PVBPC21G03GK6600M2,PVBPC20G0205314M,0
PVBPC21G03GK6614F1,PVBPC20G0206369M,PVBPC20G020240K
PVBPC21G03GK6614F2,PVBPC20G0206369M,PVBPC20G020240K
PVBPC21G03GK6614F3,PVBPC20G0206369M,PVBPC20G020240K
PVBPC21G03GK6614M1,PVBPC20G0206369M,PVBPC20G020240K
PVBPC21G03GK6614M2,PVBPC20G0206369M,PVBPC20G020240K
PVBPC21G03474X,PVBPC20G2106614M,PVBPC20G020359P
PVBPC21G03GK6654F1,PVBPC20G2106614M,PVBPC20G020359P
PVBPC21G03GK6654F2,PVBPC20G2106614M,PVBPC20G020359P
PVBPC21G03GK6654F3,PVBPC20G2106614M,PVBPC20G020359P
PVBPC21G03GK6654M1,PVBPC20G2106614M,PVBPC20G020359P
PVBPC21G03GK6654M2,PVBPC20G2106614M,PVBPC20G020359P
PVBPC21G03438X,PVBPC20G0205001M2,PVBPC20G020329F
PVBPC21G03GK6748F1,PVBPC20G0205001M2,PVBPC20G020329F
PVBPC21G03GK6748F2,PVBPC20G0205001M2,PVBPC20G020329F
PVBPC21G03GK6748F3,PVBPC20G0205001M2,PVBPC20G020329F
PVBPC21G03GK6748M1,PVBPC20G0205001M2,PVBPC20G020329F
PVBPC21G03GK6748M2,PVBPC20G0205001M2,PVBPC20G020329F
PVBPC21G03519X,PVBPC20G0106H03M1,PVBPC20G020474K
PVBPC21G03589X,PVBPC20G0106H03M1,PVBPC20G020474K
PVBPC21G03GK6795F1,PVBPC20G0106H03M1,PVBPC20G020474K
PVBPC21G03GK6795F2,PVBPC20G0106H03M1,PVBPC20G020474K
PVBPC21G03GK6795F3,PVBPC20G0106H03M1,PVBPC20G020474K
PVBPC21G03GK6795M1,PVBPC20G0106H03M1,PVBPC20G020474K
PVBPC21G03GK6795M2,PVBPC20G0106H03M1,PVBPC20G020474K
PVBPC21G03563X,PVBPC20G0205374M,PVBPC20G020771F
PVBPC21G03GK6827F1,PVBPC20G0205374M,PVBPC20G020771F
PVBPC21G03GK6827F2,PVBPC20G0205374M,PVBPC20G020771F
PVBPC21G03GK6827F3,PVBPC20G0205374M,PVBPC20G020771F
PVBPC21G03GK6827M1,PVBPC20G0205374M,PVBPC20G020771F
PVBPC21G03GK6827M2,PVBPC20G0205374M,PVBPC20G020771F
PVBPC21G03435X,PVBPC20G0205295M,PVBPC20G020710F
PVBPC21G03GK6836F1,PVBPC20G0205295M,PVBPC20G020710F
PVBPC21G03GK6836F2,PVBPC20G0205295M,PVBPC20G020710F
PVBPC21G03GK6836F3,PVBPC20G0205295M,PVBPC20G020710F
PVBPC21G03GK6836M1,PVBPC20G0205295M,PVBPC20G020710F
PVBPC21G03GK6836M2,PVBPC20G0205295M,PVBPC20G020710F
PVBPC21G03497X,0,PVBPC20G210109K
PVBPC21G03GK6891F1,0,PVBPC20G210109K
PVBPC21G03GK6891F2,0,PVBPC20G210109K
PVBPC21G03GK6891F3,0,PVBPC20G210109K
PVBPC21G03GK6891M1,0,PVBPC20G210109K
PVBPC21G03GK6891M2,0,PVBPC20G210109K
PVBPC21G03GK6921F1,PVBPC20G0206501M,PVBPC20G020437K
PVBPC21G03GK6921F2,PVBPC20G0206501M,PVBPC20G020437K
PVBPC21G03GK6921F3,PVBPC20G0206501M,PVBPC20G020437K
PVBPC21G03GK6921M1,PVBPC20G0206501M,PVBPC20G020437K
PVBPC21G03GK6921M2,PVBPC20G0206501M,PVBPC20G020437K
PVBPC21G03413X,PVBPC20G0209002M,PVBPC20G020016F
PVBPC21G03449X,PVBPC20G0209002M,PVBPC20G020016F
PVBPC21G03GK6948F1,PVBPC20G0209002M,PVBPC20G020016F
PVBPC21G03GK6948F2,PVBPC20G0209002M,PVBPC20G020016F
PVBPC21G03GK6948F3,PVBPC20G0209002M,PVBPC20G020016F
PVBPC21G03GK6948M1,PVBPC20G0209002M,PVBPC20G020016F
PVBPC21G03GK6948M2,PVBPC20G0209002M,PVBPC20G020016F
PVBPC21G03GK6951F1,PVBPC20G0106H03M2,PVBPC20G020167K
PVBPC21G03GK6951F2,PVBPC20G0106H03M2,PVBPC20G020167K
PVBPC21G03GK6951F3,PVBPC20G0106H03M2,PVBPC20G020167K
PVBPC21G03GK6951M1,PVBPC20G0106H03M2,PVBPC20G020167K
PVBPC21G03GK6951M2,PVBPC20G0106H03M2,PVBPC20G020167K
PVBPC21G03544X,PVBPC20G0205157M1,PVBPC20G020C878
PVBPC21G03562X,PVBPC20G0205157M1,PVBPC20G020C878
PVBPC21G03GKS831F1,PVBPC20G0205157M1,PVBPC20G020C878
PVBPC21G03GKS831F2,PVBPC20G0205157M1,PVBPC20G020C878
PVBPC21G03GKS831F3,PVBPC20G0205157M1,PVBPC20G020C878
PVBPC21G03GKS831M1,PVBPC20G0205157M1,PVBPC20G020C878
PVBPC21G03GKS831M2,PVBPC20G0205157M1,PVBPC20G020C878
PVBPC21G03493X,PVBPC20G0205175M,PVBPC20G020C339
PVBPC21G03GKS832F1,PVBPC20G0205175M,PVBPC20G020C339
PVBPC21G03GKS832F2,PVBPC20G0205175M,PVBPC20G020C339
PVBPC21G03GKS832F3,PVBPC20G0205175M,PVBPC20G020C339
PVBPC21G03GKS832M1,PVBPC20G0205175M,PVBPC20G020C339
PVBPC21G03GKS832M2,PVBPC20G0205175M,PVBPC20G020C339
PVBPC21G03545X,PVBPC20G0205220M1,PVBPC20G020C390
PVBPC21G03GKS859F1,PVBPC20G0205220M1,PVBPC20G020C390
PVBPC21G03GKS859F2,PVBPC20G0205220M1,PVBPC20G020C390
PVBPC21G03GKS859F3,PVBPC20G0205220M1,PVBPC20G020C390
PVBPC21G03GKS859M1,PVBPC20G0205220M1,PVBPC20G020C390
PVBPC21G03GKS859M2,PVBPC20G0205220M1,PVBPC20G020C390
PVBPC21G03GKS889F1,PVBPC20G0205157M3,PVBPC20G020C896
PVBPC21G03GKS889F2,PVBPC20G0205157M3,PVBPC20G020C896
PVBPC21G03GKS889F3,PVBPC20G0205157M3,PVBPC20G020C896
PVBPC21G03GKS889M1,PVBPC20G0205157M3,PVBPC20G020C896
PVBPC21G03GKS889M2,PVBPC20G0205157M3,PVBPC20G020C896
PVBPC21G03GKS900F1,PVBPC20G0205061M2,PVBPC20G020C836
PVBPC21G03GKS900F2,PVBPC20G0205061M2,PVBPC20G020C836
PVBPC21G03GKS900F3,PVBPC20G0205061M2,PVBPC20G020C836
PVBPC21G03GKS900M1,PVBPC20G0205061M2,PVBPC20G020C836
PVBPC21G03GKS900M2,PVBPC20G0205061M2,PVBPC20G020C836
PVBPC21G03GKS960F1,PVBPC20G0205127M,PVBPC20G020C333
PVBPC21G03GKS960F2,PVBPC20G0205127M,PVBPC20G020C333
PVBPC21G03GKS960F3,PVBPC20G0205127M,PVBPC20G020C333
PVBPC21G03GKS960M1,PVBPC20G0205127M,PVBPC20G020C333
PVBPC21G03GKS960M2,PVBPC20G0205127M,PVBPC20G020C333
PVBPC21G03440X,PVBPC20G0205157M2,PVBPC20G020C805
PVBPC21G03463X,PVBPC20G0205157M2,PVBPC20G020C805
PVBPC21G03GKS974F1,PVBPC20G0205157M2,PVBPC20G020C805
PVBPC21G03GKS974F2,PVBPC20G0205157M2,PVBPC20G020C805
PVBPC21G03GKS974F3,PVBPC20G0205157M2,PVBPC20G020C805
PVBPC21G03GKS974M1,PVBPC20G0205157M2,PVBPC20G020C805
PVBPC21G03GKS974M2,PVBPC20G0205157M2,PVBPC20G020C805
PVBPC21G03GKS993F1,PVBPC20G0205220M2,PVBPC20G020C383
PVBPC21G03GKS993F2,PVBPC20G0205220M2,PVBPC20G020C383
PVBPC21G03GKS993F3,PVBPC20G0205220M2,PVBPC20G020C383
PVBPC21G03GKS993M1,PVBPC20G0205220M2,PVBPC20G020C383
PVBPC21G03GKS993M2,PVBPC20G0205220M2,PVBPC20G020C383
PVBPC21G03GKS998F1,PVBPC20G0205061M3,PVBPC20G020C804
PVBPC21G03GKS998F2,PVBPC20G0205061M3,PVBPC20G020C804
PVBPC21G03GKS998F3,PVBPC20G0205061M3,PVBPC20G020C804
PVBPC21G03GKS998M1,PVBPC20G0205061M3,PVBPC20G020C804
PVBPC21G03GKS998M2,PVBPC20G0205061M3,PVBPC20G020C804
PVBPC21G03947H,0,PVBPC20G030281M
PVBPC21G04936H,0,PVBPC20G030281M
PVBPC21G04947H,0,PVBPC20G030281M
PVBPC21G04GK4156F1,0,PVBPC20G030281M
PVBPC21G04GK4156F2,0,PVBPC20G030281M
PVBPC21G04GK4156F3,0,PVBPC20G030281M
PVBPC21G04GK4156M1,0,PVBPC20G030281M
PVBPC21G04GK4156M2,0,PVBPC20G030281M
PVBPC21G030440X,PVBPC20G0205157M2,PVBPC20G020C805
PVBPC21G030562X,PVBPC20G0205157M1,PVBPC20G020C878
PVBPC21G030973H,PVBPC20G0206130M,PVBPC20G020528F
PVBPC21G030493X,PVBPC20G0205175M,PVBPC20G020C339
PVBPC21G030728H,PVBPC20G0205136M1,PVBPC20G020261M
PVBPC21G030463X,PVBPC20G0205157M2,PVBPC20G020C805
PVBPC21G030591X,PVBPC20G0106476M2,PVBPC20G010073K
PVBPC21G030545X,PVBPC20G0205220M1,PVBPC20G020C390
PVBPC21G030936H,0,PVBPC20G030281M
PVBPC21G030677H,0,0
PVBPC21G030949H,PVBPC20G0106182M,PVBPC20G020511F
PVBPC21G030947H,0,PVBPC20G030281M
PVBPC21G030435X,PVBPC20G0205295M,PVBPC20G020710F
PVBPC21G030704H,PVBPC20G0205136M3,PVBPC20G020261M
PVBPC21G030911H,PVBPC20G0206130M,PVBPC20G020528F
PVBPC21G030794H,PVBPC20G0205136M1,PVBPC20G020261M
PVBPC21G030720H,PVBPC20G0205105M,PVBPC20G020147M
PVBPC21G030729H,PVBPC20G0205136M4,PVBPC19G010253B
PVBPC21G030413X,PVBPC20G0209002M,PVBPC20G020016F
PVBPC21G030548X,PVBPC20G0205001M1,PVBPC20G020769F
PVBPC21G030966H,PVBPC20G0205H01M,PVBPC20G020457F
PVBPC21G030770H,0,PVBPC20G020160M
PVBPC21G030654H,0,0
PVBPC21G030733H,PVBPC20G0205136M2,PVBPC20G020258M
PVBPC21G030739H,PVBPC20G0106498M,PVBPC20G020309M
PVBPC21G030589X,PVBPC20G0106H03M1,PVBPC20G020474K
PVBPC21G030544X,PVBPC20G0205157M1,PVBPC20G020C878
PVBPC21G030714H,0,PVBPC20G020371M
PVBPC21G030449X,PVBPC20G0209002M,PVBPC20G020016F
PVBPC21G030453X,PVBPC20G0206501M,PVBPC20G020437K
PVBPC21G030688H,0,PVBPC20G020252M
PVBPC21G030371X,PVBPC20G0205220M2,PVBPC20G020C383
PVBPC21G030519X,PVBPC20G0106H03M1,PVBPC20G020474K
PVBPC21G030580X,PVBPC20G0205364M,PVBPC20G020006F
PVBPC21G030497X,0,PVBPC20G210109K
PVBPC21G030601H,0,PVBPC20G020252M
PVBPC21G030744H,PVBPC20G0205136M3,PVBPC20G020261M
PVBPC21G030694H,0,0
PVBPC21G030633H,PVBPC20G0205136M5,PVBPC20G020295M
PVBPC21G030909H,PVBPC20G0205H01M,PVBPC20G020457F
PVBPC21G030588X,PVBPC20G0106H03M2,PVBPC20G020167K
PVBPC21G030438X,PVBPC20G0205001M2,PVBPC20G020329F
PVBPC21G030563X,PVBPC20G0205374M,PVBPC20G020771F
PVBPC21G030743H,PVBPC20G0205136M2,PVBPC20G020258M
PVBPC21G030707H,0,PVBPC20G020160M
PVBPC21G030474X,PVBPC20G2106614M,PVBPC20G020359P
PVBPC21G030590X,PVBPC20G0207005M,PVBPC20G010308F
PVZJMK20217049M,0,0
PVZJMK20217015M,0,0
PVZJMK20217014M,0,0
PVZJMK20217038M,0,0
PVZJMK20217034M,0,0
PVZJMK20217020M,0,0
PVZJMK20217058M,0,0
PVZJMK20217045M,0,0
PVZJMK20217071M,0,0
PVZJMK2021010R,0,0
PVZJMK20217015F,0,0
PVZJMK20217014F,0,0
PVZJMK2021035R,0,0
PVZJMK2021014R,0,0
PVZJMK20217020F,0,0
PVZJMK2021054R,0,0
PVZJMK2021023R,0,0
PVZJMK2021114R,0,0
PVBPC21G0311052M,PVBPC20G0209014M,PVBPC20G02098H
PVBPC21G0311051M,PVBPC20G0210025M,PVBPC20G02073H
PVBPC21G0311051M1,PVBPC20G0210025M,PVBPC20G02073H
PVBPC21G0310408M,PVBPC20G0210028M,PVBPC20G02166H
PVBPC21G0311044M,PVBPC20G0210029M,PVBPC20G02554H
PVBPC21G0310621M,PVBPC20G0210042M,PVBPC20G02081H
PVBPC21G0310621M1,PVBPC20G0210042M,PVBPC20G02081H
PVBPC21G0310860M,PVBPC20G0210218M,PVBPC20G02493H
PVBPC21G0311057M,PVBPC20G0210229M,PVBPC20G02556H
PVBPC21G0310043M,PVBPC20G0210251M,PVBPC20G02166H
PVBPC21G0310043M1,PVBPC20G0210251M,PVBPC20G02166H
PVBPC21G0310442M,PVBPC20G0210327M1,PVBPC20G02140H
PVBPC21G0310648M,PVBPC20G0210327M2,PVBPC20G02240H
PVBPC21G0311033M1,PVBPC20G0210344M,PVBPC20G02017H
PVBPC21G0311033M2,PVBPC20G0210344M,PVBPC20G02017H
PVBPC21G0310306M,PVBPC20G0210347M,PVBPC20G02434H
PVBPC21G0310350M,PVBPC20G0210360M,PVBPC20G02501H
PVBPC21G0310395M,PVBPC20G0210361M,PVBPC20G02220H
PVBPC21G0310122M,PVBPC20G0210394M,PVBPC20G02222H
PVBPC21G0310627M,PVBPC20G0210417M1,PVBPC20G02131H
PVBPC21G0311034M,PVBPC20G0210417M2,PVBPC20G02444H
PVBPC21G0311055M,PVBPC20G0210417M3,PVBPC20G02389H
PVBPC21G0311084M,PVBPC20G0210417M4,PVBPC20G02380H
PVBPC21G0311084M1,PVBPC20G0210417M4,PVBPC20G02380H
PVBPC21G0310858M,PVBPC20G0210419M,PVBPC20G02548H
PVBPC21G0310858M1,PVBPC20G0210419M,PVBPC20G02548H
PVBPC21G0311058M1,PVBPC20G0210420M,PVBPC20G02093H
PVBPC21G0311058M2,PVBPC20G0210420M,PVBPC20G02093H
PVBPC21G0311058M3,PVBPC20G0210420M,PVBPC20G02093H
PVBPC21G0310383M1,PVBPC20G0210432M,PVBPC20G02568H
PVBPC21G0310383M2,PVBPC20G0210432M,PVBPC20G02568H
PVBPC21G0310582M,PVBPC20G0210434M,PVBPC20G02164H
PVBPC21G0310582M1,PVBPC20G0210434M,PVBPC20G02164H
PVBPC21G0310582M2,PVBPC20G0210434M,PVBPC20G02164H
PVBPC21G0310679M,PVBPC20G0210437M,PVBPC20G02641H
PVBPC21G0310705M,PVBPC20G0210438M,PVBPC20G02289H
PVBPC21G0311059M,PVBPC20G0210462M,PVBPC20G02094H
PVBPC21G0311038M,PVBPC20G0210490M,PVBPC20G02342H
PVBPC21G0311038M1,PVBPC20G0210490M,PVBPC20G02342H
PVBPC21G0310625M,PVBPC20G0210498M1,PVBPC20G02168H
PVBPC21G0310625M1,PVBPC20G0210498M1,PVBPC20G02168H
PVBPC21G0311030M,PVBPC20G0210498M2,PVBPC20G02649K
PVBPC21G0311061M,PVBPC20G0210498M3,PVBPC20G02167H
PVBPC21G0311061M1,PVBPC20G0210498M3,PVBPC20G02167H
PVBPC21G0310632M,PVBPC20G0210510M1,PVBPC20G02531H
PVBPC21G0310632M1,PVBPC20G0210510M1,PVBPC20G02531H
PVBPC21G0310638M,PVBPC20G0210510M2,PVBPC20G02554H
PVBPC21G0310638M1,PVBPC20G0210510M2,PVBPC20G02554H
PVBPC21G0310638M2,PVBPC20G0210510M2,PVBPC20G02554H
PVBPC21G0310592M,PVBPC20G0210511M,PVBPC20G02493H
PVBPC21G0310592M1,PVBPC20G0210511M,PVBPC20G02493H
PVBPC21G0311031M,PVBPC20G0210522M,PVBPC20G02343H
PVBPC21G0310659M,PVBPC20G0210606M,PVBPC20G02527H
PVBPC21G0310587M,PVBPC20G0210645M,PVBPC20G02264H
PVBPC21G0310587M1,PVBPC20G0210645M,PVBPC20G02264H
PVBPC21G03367T,PVBPC20G0209014M,PVBPC20G02098H
PVBPC21G03386T,PVBPC20G0210025M,PVBPC20G02364H
PVBPC21G03012T,PVBPC20G0210028M,PVBPC20G02166H
PVBPC21G03389T,PVBPC20G0210029M,PVBPC20G02554H
PVBPC21G03314T,PVBPC20G0210029M,PVBPC20G02554H
PVBPC21G03179T,PVBPC20G0210042M,PVBPC20G02081H
PVBPC21G03274T,PVBPC20G0210089M,PVBPC20G02118H
PVBPC21G03241T,PVBPC20G0210089M,PVBPC20G02118H
PVBPC21G03299T,PVBPC20G0210218M,PVBPC20G02493H
PVBPC21G03250T,PVBPC20G0210218M,PVBPC20G02493H
PVBPC21G03M353,PVBPC20G0210251M,PVBPC20G02166H
PVBPC21G03020T,PVBPC20G0210327M1,PVBPC20G02140H
PVBPC21G03089T,PVBPC20G0210327M1,PVBPC20G02140H
PVBPC21G03289T,PVBPC20G0210344M,PVBPC20G02017H
PVBPC21G03M398,PVBPC20G0210347M,PVBPC20G02434H
PVBPC21G03083T,PVBPC20G0210360M,PVBPC20G02501H
PVBPC21G03114T,PVBPC20G0210417M1,PVBPC20G02131H
PVBPC21G03472T,PVBPC20G0210417M3,PVBPC20G02389H
PVBPC21G03208T,PVBPC20G0210417M2,PVBPC20G02444H
PVBPC21G03086T,PVBPC20G0210419M,PVBPC20G02194H
PVBPC21G03215T,PVBPC20G0210419M,PVBPC20G02548H
PVBPC21G03214T,PVBPC20G0210419M,PVBPC20G02548H
PVBPC21G03031T,PVBPC20G0210432M,PVBPC20G02568H
PVBPC21G03042T,PVBPC20G0210434M,PVBPC20G02164H
PVBPC21G03285T,PVBPC20G0210437M,PVBPC20G02641H
PVBPC21G03270T,PVBPC20G0210438M,PVBPC20G02289H
PVBPC21G03117T,PVBPC20G0210438M,PVBPC20G02289H
PVBPC21G03398T,PVBPC20G0210490M,PVBPC20G02342H
PVBPC21G03203T,PVBPC20G0210498M2,PVBPC20G02649K
PVBPC21G03159T,PVBPC20G0210498M1,PVBPC20G02168H
PVBPC21G03170T,PVBPC20G0210498M1,PVBPC20G02168H
PVBPC21G03361T,PVBPC20G0210498M3,PVBPC20G02167H
PVBPC21G03173T,PVBPC20G0210510M2,PVBPC20G02554H
PVBPC21G03177T,PVBPC20G0210510M1,PVBPC20G02531H
PVBPC21G03130T,PVBPC20G0210511M,PVBPC20G02493H
PVBPC21G03221T,PVBPC20G0210522M,PVBPC20G02343H
PVBPC21G03347T,PVBPC20G0210651M,PVBPC20G02318H
PVBPC21G03694H,0,0
PVBPC21G03677H,0,0
PVBPC21G03654H,0,0
PVBPC21G03GK4000F1,0,0
PVBPC21G03GK4000F2,0,0
PVBPC21G03GK4000F3,0,0
PVBPC21G03GK4000M1,0,0
PVBPC21G03GK4000M2,0,0
PVBPC21G02GK6577M3,PVBPC20G0106476M1,PVBPC20G010271F
PVBPC21G02GK6577M4,PVBPC20G0106476M1,PVBPC20G010271F
PVBPC21G0310592M2,PVBPC20G0210511M,PVBPC20G02493H
PVBPC21G0310627M1,PVBPC20G0210417M1,PVBPC20G02131H
PVBPC21G0310648M1,PVBPC20G0210327M2,PVBPC20G02240H
PVBPC21G0310705M1,PVBPC20G0210438M,PVBPC20G02289H
PVBPC21G0311030M1,PVBPC20G0210498M2,PVBPC20G02649K
PVBPC21G0311031M1,PVBPC20G0210522M,PVBPC20G02343H
PVBPC21G0311031M2,PVBPC20G0210522M,PVBPC20G02343H
PVBPC21G0311031M3,PVBPC20G0210522M,PVBPC20G02343H
PVBPC21G0311033M3,PVBPC20G0210344M,PVBPC20G02017H
PVBPC21G0311033M4,PVBPC20G0210344M,PVBPC20G02017H
PVBPC21G0311033M5,PVBPC20G0210344M,PVBPC20G02017H
PVBPC21G0311034M1,PVBPC20G0210417M2,PVBPC20G02444H
PVBPC21G0311044M1,PVBPC20G0210029M,PVBPC20G02554H
PVBPC21G03371X,PVBPC20G0205220M,PVBPC20G020C383
PVBPC21G03453X,PVBPC20G0206501M,PVBPC20G020437K
PVBPC21G03588X,PVBPC20G0106H03M,PVBPC20G020167K
PVBPC21G03591X,PVBPC20G0106476M,PVBPC20G010073K
PVBPC21G03601H,0,PVBPC20G020252M
PVBPC21G03704H,PVBPC20G0205136M1,PVBPC20G020261M
PVBPC21G03729H,PVBPC20G0205136M2,PVBPC19G010253B
PVBPC21G03743H,PVBPC20G0205136M3,PVBPC20G020258M
PVBPC21G03909H,PVBPC20G0205H01M,PVBPC20G020457F
PVBPC21G03911H,PVBPC20G0206130M,PVBPC20G020528F
PVBPC21G03936H,0,PVBPC20G030281M
PVBPC21G03973H,PVBPC20G0206130,PVBPC20G020528F
PVBPC21G03GK4300M3,PVBPC20G0205136M4,PVBPC19G010253B
PVBPC21G03GK4550M3,0,PVBPC20G020052M
PVBPC21G03GK6450M3,PVBPC20G2106561M,PVBPC20G020833P
PVBPC21G03GK6450M4,PVBPC20G2106561M,PVBPC20G020833P
PVBPC21G03GK6450M5,PVBPC20G2106561M,PVBPC20G020833P
PVBPC21G03GK6481M3,PVBPC20G0205065M,PVBPC20G020689F
PVBPC21G03GK6580M3,PVBPC20G0207005M,PVBPC20G010308F
PVBPC21G03GK6580M4,PVBPC20G0207005M,PVBPC20G010308F
PVBPC21G03GK6580M5,PVBPC20G0207005M,PVBPC20G010308F
PVBPC21G03GK6891M3,0,PVBPC20G210109K
PVBPC21G03GKS900M3,PVBPC20G0205061M2,PVBPC20G020C836
PVBPC21G03GKS900M4,PVBPC20G0205061M2,PVBPC20G020C836
PVZJMK2021000R,0,0
PVZJMK20217031T,0,0
PVZJMK20217042T,0,0
PVZJMK20217159T,0,0
PVZJMK20217170T,0,0
PVZJMK20217208T,0,0
PVZJMK20217214T,0,0
PVZJMK20217215T,0,0
PVZJMK20217289T,0,0
PVZJMK20217314T,0,0
PVZJMK20217347T,0,0
PVZJMK20217367T,0,0
PVZJMK20217389T,0,0
PVZJMK20217M353,0,0
PVZJMK20217M398,0,0
PVZJMK2021F7030M,0,0
PVBPC22G04GK4305M1,PVBPC21G02GK6621M1,PVBPC21G03563X
PVBPC22G04GK4494M1,PVBPC21G03GK4935M1,PVBPC21G03714H
PVBPC22G04GK4494M,PVBPC21G03GK4935M1,PVBPC21G03714H
PVBPC22G04GK4655M1,PVBPC21G03GKS974M1,PVBPC21G03688H
PVBPC22G04GK4171M1,PVBPC21G03GK6795M1,PVBPC21G03949H
PVBPC22G04GK4681M1,PVBPC21G03GKS831M1,PVBPC21G03707H
PVBPC22G04GK4579M1,PVBPC21G03GK4822M1,PVBPC21G03544X
PVBPC22G04GK4655M2,PVBPC21G03GKS974M2,PVBPC21G03688H
PVBPC22G04GK4612M1,PVBPC21G03GK4237M1,PVBPC21G03440X
PVBPC22G04GK4612M,PVBPC21G03GK4237M1,PVBPC21G03440X
PVBPC22G04GK4566M1,PVBPC21G03GK6450M1,PVBPC21G03463X
PVBPC22G04GK4480M1,PVBPC21G03GK6585M1,PVBPC21G03590X
PVBPC22G04GK4277M1,PVBPC21G03GK4550M1,PVBPC21G03562X
PVBPC22G04GK4238M1,PVBPC21G03GKS998M1,PVBPC21G03744H
PVBPC22G04GK4527M1,PVBPC21G03GK6827M1,PVBPC21G03720H
PVBPC22G04GK4527M,PVBPC21G03GK6827M1,PVBPC21G03720H
PVBPC22G04GK4291M1,PVBPC21G03GK6568M1,PVBPC21G03519X
PVBPC22G04GK4291M,PVBPC21G03GK6568M1,PVBPC21G03519X
PVBPC22G04GK4359M1,PVBPC21G03GK6374M1,PVBPC21G03548X
PVBPC22G04GK4359M,PVBPC21G03GK6374M1,PVBPC21G03548X
HDK6M1,0,0
HDK2M1,0,0
PVBPC22G04GK4173M1,PVBPC21G03GK6891M1,PVBPC21G03438X
PVBPC22G04GK4173M,PVBPC21G03GK6891M1,PVBPC21G03438X
PVBPC22G04GK4299M1,PVBPC21G03GK6614M1,PVBPC21G03966H
PVBPC22G04GK4299M,PVBPC21G03GK6614M1,PVBPC21G03966H
PVBPC22G04GK4576M1,PVBPC21G03GK4300M1,PVBPC21G03493X
PVBPC22G04GK4441M1,PVBPC21G03GK4312M1,PVBPC21G03589X
PVBPC22G04GK4441M,PVBPC21G03GK4312M1,PVBPC21G03589X
PVBPC22G04GK4449M1,PVBPC21G03GKS960M1,PVBPC21G03474X
PVBPC22G04GK4280M1,PVBPC21G03GK4769M1,PVBPC21G03794H
PVBPC22G04GK4280M,PVBPC21G03GK4769M1,PVBPC21G03794H
PVBPC22G04GK4298M1,PVBPC21G03GK6921M1,PVBPC21G03947H
PVBPC22G04GK4223M1,PVBPC21G03GK6600M1,PVBPC21G03694H
PVBPC22G04GK4173M2,PVBPC21G03GK6891M2,PVBPC21G03438X
PVBPC22G04GK4167M1,PVBPC21G03GK5082M1,PVBPC21G03677H
PVBPC22G04GK4167M2,PVBPC21G03GK5082M1,PVBPC21G03677H
PVBPC22G04GK4493M1,PVBPC21G03GK4822M2,PVBPC21G03728H
PVBPC22G04GK4670M1,PVBPC21G03GKS832M1,PVBPC21G03770H
PVBPC22G04GK4670M,PVBPC21G03GKS832M1,PVBPC21G03770H
PVBPC22G04GK4236M1,PVBPC21G03GK6527M1,PVBPC21G03435X
PVBPC22G04GK4236M,PVBPC21G03GK6527M1,PVBPC21G03435X
PVZJMK2022F7049M1,PVZJMK20217020M,PVZJMK20217020F
PVZJMK2022F7045M1,PVZJMK20217049M,PVZJMK2021010R
PVZJMK2022F7045M,PVZJMK20217049M,PVZJMK2021010R
PVZJMK2022F7014M1,PVZJMK20217071M,PVZJMK2021114R
PVZJMK2022F7058M1,PVZJMK20217034M,PVZJMK2021014R
PVZJMK2022F7049M2,PVZJMK20217020M,PVZJMK20217020F
PVZJMK2022F7020M1,PVZJMK20217038M,PVZJMK2021035R
PVZJMK2022F7020M,PVZJMK20217038M,PVZJMK2021035R
PVBPC22G04GK4251M1,PVBPC21G03GK6326M1,PVBPC21G03449X
PVBPC22G04GK4251M,PVBPC21G03GK6326M1,PVBPC21G03449X
PVZJMK2022F7014M2,PVZJMK20217071M,PVZJMK2021114R
PVZJMK2022F7038M1,PVZJMK20217015M,PVZJMK20217015F
PVZJMK2022F7071M1,PVZJMK20217014M,PVZJMK20217014F
PVZJMK2022F7071M2,PVZJMK20217014M,PVZJMK20217014F
PVZJMK2022F7020M2,PVZJMK20217038M,PVZJMK2021035R
PVZJMK2022F7015M1,PVZJMK20217045M,PVZJMK2021023R
PVZJMK2022F7015M3,PVZJMK20217045M,PVZJMK2021023R
PVZJMK2022F7038M2,PVZJMK20217015M,PVZJMK20217015F
PVZJMK2022F7020M3,PVZJMK20217038M,PVZJMK2021035R
PVBPC22G049016M1,PVBPC21G0310587M,PVBPC21G03367T
PVBPC22G049051M1,PVBPC21G0310383M2,PVBPC21G03215T
PVBPC22G049025M1,PVBPC21G0310659M,PVBPC21G03250T
PVBPC22G049025M,PVBPC21G0310659M,PVBPC21G03250T
PVBPC22G049023M1,PVBPC21G0310638M1,PVBPC21G03203T
PVBPC22G049066M1,PVBPC21G0311058M1,PVBPC21G03117T
PVBPC22G049143M1,PVBPC21G0311055M,PVBPC21G03089T
PVBPC22G049143M,PVBPC21G0311055M,PVBPC21G03089T
PVBPC22G049101M1,PVBPC21G0311058M2,PVBPC21G03208T
PVBPC22G049023M2,PVBPC21G0310638M2,PVBPC21G03203T
PVBPC22G049037M1,PVBPC21G0310582M,PVBPC21G03020T
PVBPC22G049037M,PVBPC21G0310582M,PVBPC21G03020T
PVBPC22G049191M1,PVBPC21G0310625M,PVBPC21G03177T
PVBPC22G049081M1,PVBPC21G0311051M,PVBPC21G03361T
PVBPC22G049081M,PVBPC21G0311051M,PVBPC21G03361T
PVBPC22G049101M2,PVBPC21G0311058M3,PVBPC21G03208T
PVBPC22G049083M1,PVBPC21G0311084M,PVBPC21G03386T
PVBPC22G049003M1,PVBPC21G0311038M,PVBPC21G03208T
PVBPC22G049003M,PVBPC21G0311038M,PVBPC21G03208T
PVBPC22G049061M1,PVBPC21G0310306M,PVBPC21G03012T
PVBPC22G049061M,PVBPC21G0310306M,PVBPC21G03012T
PVBPC22G04203B,PVBPC21G03GKS998M1,PVBPC21G03744H
PVBPC22G04626B,PVBPC21G03GKS859M1,PVBPC21G04936H
PVBPC22G04680B,PVBPC21G03GK6450M1,PVBPC21G03794H
PVBPC22G04731B,PVBPC21G03GK4300M1,PVBPC21G03493X
PVBPC22G04263B,PVBPC21G03GK6585M1,PVBPC21G02591X
PVBPC22G04145B,PVBPC21G03GK4000M1,PVBPC21G03739H
PVBPC22G04787B,PVBPC21G03GK4300M2,PVBPC21G03493X
PVBPC22G04097B,PVBPC21G03GK6891M1,PVBPC21G03438X
PVBPC22G04353B,PVBPC21G03GK4769M1,PVBPC21G03794H
PVBPC22G04683B,PVBPC21G03GK6654M1,PVBPC21G03633H
PVBPC22G04285B,PVBPC21G03GK6326M1,PVBPC21G03449X
PVBPC22G04052B,PVBPC21G03GK5082M1,PVBPC21G03677H
PVBPC22G04488B,PVBPC21G03GK6921M1,PVBPC21G04947H
PVBPC22G04512B,PVBPC21G03GK6585M2,PVBPC21G03590X
PVBPC22G04077B,PVBPC21G03GK6891M2,PVBPC21G03438X
PVBPC22G04L651,0,0
PVBPC22G04761B,PVBPC21G03GK4822M1,PVBPC21G03544X
PVBPC22G04176B,PVBPC21G02GK6577M1,PVBPC21G03654H
PVBPC22G04489B,PVBPC21G02GK6621M1,PVBPC21G03563X
PVBPC22G04381B,PVBPC21G03GK4769M2,PVBPC21G03794H
PVBPC22G04758B,PVBPC21G03GK4321M1,PVBPC21G03545X
PVBPC22G04406B,PVBPC21G03GK6921M2,PVBPC21G04947H
PVBPC22G04L953,0,0
PVBPC22G04154B,PVBPC21G03GK4000M2,PVBPC21G03739H
PVBPC22G04159B,PVBPC21G02GK4236M1,PVBPC21G03413X
PVBPC22G04121B,PVBPC21G02GK6577M2,PVBPC21G03654H
PVBPC22G04492B,PVBPC21G03GK4312M1,PVBPC21G03589X
PVBPC22G04190B,PVBPC21G02GK4236M2,PVBPC21G03413X
PVBPC22G04332B,PVBPC21G04GK4156M1,PVBPC21G03497X
PVBPC22G04863B,PVBPC21G03GKS831M1,PVBPC21G03707H
PVBPC22G04062D,PVZJMK20217014M,PVZJMK20217014F
PVZJMK2022062D,PVZJMK20217014M,PVZJMK20217014F
PVBPC22G04067D,PVZJMK20217014M,PVZJMK20217014F
PVZJMK2022067D,PVZJMK20217014M,PVZJMK20217014F
PVBPC22G04121D,PVZJMK20217045M,PVZJMK2021023R
PVBPC22G04070D,PVZJMK20217014M,PVZJMK20217014F
PVBPC22G04050D,PVZJMK20217038M,PVZJMK2021035R
PVBPC22G04053D,PVZJMK20217034M,PVZJMK2021014R
PVBPC22G04034D,PVZJMK20217049M,PVZJMK2021010R
PVBPC22G04135D,PVZJMK20217020M,PVZJMK20217020F
PVZJMK2022135D,PVZJMK20217020M,PVZJMK20217020F
PVBPC22G04136D,PVZJMK20217045M,PVZJMK2021023R
PVBPC22G04060D,PVZJMK20217034M,PVZJMK2021014R
PVBPC22G04084D,PVZJMK20217034M,PVZJMK2021014R
PVBPC22G04037D,PVZJMK20217020M,PVZJMK20217020F
PVZJMK2022037D,PVZJMK20217020M,PVZJMK20217020F
PVBPC22G04705B,PVBPC21G03GK4237M1,PVBPC21G03440X
PVBPC22G04793B,PVBPC21G03GK6450M2,PVBPC21G03794H
PVBPC22G04308C,PVBPC21G0311051M1,PVBPC21G03361T
PVBPC22G04089C,PVBPC21G0310587M1,PVBPC21G03367T
PVBPC22G04057C,PVBPC21G0311038M1,PVBPC21G03208T
PVBPC22G04117C,PVBPC21G0310582M1,PVBPC21G03289T
PVBPC22G04790C,PVBPC21G0310592M1,PVBPC21G03M353
PVBPC22G04495C,PVBPC21G0310632M1,PVBPC21G03083T
PVBPC22G04663C,PVBPC21G0310043M1,PVBPC21G03114T
PVBPC22G04206B,PVBPC21G03GK6527M1,PVBPC21G03435X
PVBPC22G04144B,PVBPC21G03GK6585M3,PVBPC21G02591X
PVBPC22G04506C,PVBPC21G0311061M1,PVBPC21G03241T
PVBPC22G04693C,PVBPC21G0310383M1,PVBPC21G03386T
PVBPC22G04375C,PVBPC21G0311084M1,PVBPC21G03386T
PVBPC22G04467C,PVBPC21G0310621M1,PVBPC21G03179T
PVBPC22G04667C,PVBPC21G0310625M1,PVBPC21G03177T
PVBPC22G04255C,PVBPC21G0310858M1,PVBPC21G03314T
PVBPC22G04GK4210M1,PVBPC21G02GK6577M3,PVBPC21G03654H
PVBPC22G04GK4471M1,PVBPC21G03GK4300M1,PVBPC21G03704H
PVBPC22G04GK4471M,PVBPC21G03GK4300M1,PVBPC21G03704H
PVBPC22G04GK4475M1,PVBPC21G03GK4550M1,PVBPC21G03911H
PVBPC22G04GK4475M,PVBPC21G03GK4550M1,PVBPC21G03911H
PVBPC22G04GK4531M1,PVBPC21G03GK6524M1,PVBPC21G03601H
PVBPC22G04GK4531M,PVBPC21G03GK6524M1,PVBPC21G03601H
PVBPC22G04GK4269M1,PVBPC21G03GK6580M1,PVBPC21G03453X
PVBPC22G04GK4576M2,PVBPC21G03GK4300M2,PVBPC21G03493X
PVBPC22G04GK4185M1,PVBPC21G03GK5082M2,PVBPC21G03371X
PVBPC22G04GK4185M,PVBPC21G03GK5082M2,PVBPC21G03371X
PVBPC22G04GK4269M2,PVBPC21G03GK6580M2,PVBPC21G03453X
PVBPC22G04GK4461M1,PVBPC21G03GK6891M2,PVBPC21G03743H
PVBPC22G04GK4461M2,PVBPC21G03GK6891M2,PVBPC21G03743H
PVBPC22G04GK4471M2,PVBPC21G03GK4300M3,PVBPC21G03704H
PVBPC22G04GK4176,PVBPC21G03GKS900M1,PVBPC21G03435X
PVBPC22G04GK4176M,PVBPC21G03GKS900M1,PVBPC21G03435X
PVBPC22G04GK4524M1,PVBPC21G03GKS859M1,PVBPC21G03936H
PVBPC22G04GK4524M,PVBPC21G03GKS859M1,PVBPC21G03936H
PVBPC22G04GK4533M1,PVBPC21G03GK6450M4,PVBPC21G03794H
PVBPC22G04GK4672M1,PVBPC21G03GK6481M1,PVBPC21G03729H
PVBPC22G04GK4672M,PVBPC21G03GK6481M1,PVBPC21G03729H
PVBPC22G04GK4581M1,PVBPC21G03GK4321M1,PVBPC21G03545X
PVBPC22G04GK4491M1,PVBPC21G03GK6654M1,PVBPC21G03633H
PVBPC22G04GK4491M,PVBPC21G03GK6654M1,PVBPC21G03633H
PVBPC22G04GK4194M1,PVBPC21G03GKS859M2,PVBPC21G03909H
PVBPC22G04GK4194M,PVBPC21G03GKS859M2,PVBPC21G03909H
PVBPC22G04GK4210M2,PVBPC21G02GK6577M4,PVBPC21G03654H
PVBPC22G04GK4262M1,PVBPC21G03GK6481M2,PVBPC21G03973H
PVBPC22G04GK4262M,PVBPC21G03GK6481M2,PVBPC21G03973H
PVBPC22G04GK4192M1,PVBPC21G03GK4000M1,PVBPC21G03739H
PVBPC22G04GK4192M,PVBPC21G03GK4000M1,PVBPC21G03739H
PVBPC22G04GK4269M3,PVBPC21G03GK6580M3,PVBPC21G03453X
PVBPC22G04GK4233M2,PVBPC21G03GK6585M2,PVBPC21G03591X
PVBPC22G04GK4233M,PVBPC21G03GK6585M2,PVBPC21G03591X
PVBPC22G04GK4186M1,PVBPC21G02GK4236M1,PVBPC21G03413X
PVBPC22G04GK4186M,PVBPC21G02GK4236M1,PVBPC21G03413X
PVZJMK2022F7034M1,PVZJMK20217058M,PVZJMK2021054R
PVBPC22G04GK4533M2,PVBPC21G03GK6450M5,PVBPC21G03794H
PVZJMK2022F7034M2,PVZJMK20217058M,PVZJMK2021054R
PVZJMK2022F7045M2,PVZJMK20217049M,PVZJMK2021010R
PVZJMK2022F7049M3,PVZJMK20217020M,PVZJMK20217020F
PVZJMK2022F7034M3,PVZJMK20217058M,PVZJMK2021054R
PVZJMK2022F7015M2,PVZJMK20217045M,PVZJMK2021023R
PVBPC22G04GK4269M4,PVBPC21G03GK6580M4,PVBPC21G03453X
PVZJMK2022F7058M2,PVZJMK20217034M,PVZJMK2021014R
PVBPC22G049035M1,PVBPC21G0310582M1,PVZJMK20217289T
PVBPC22G049035M,PVBPC21G0310582M1,PVZJMK20217289T
PVBPC22G049178M1,PVBPC21G0310592M1,PVZJMK20217M353
PVBPC22G049178M2,PVBPC21G0310592M2,PVZJMK20217M353
PVBPC22G049140M1,PVBPC21G0311034M1,PVZJMK20217031T
PVBPC22G049140M,PVBPC21G0311034M1,PVZJMK20217031T
PVBPC22G049051M2,PVBPC21G0310383M1,PVZJMK20217215T
PVBPC22G049051M3,PVBPC21G0310383M1,PVZJMK20217215T
PVBPC22G049051M4,PVBPC21G0310383M1,PVZJMK20217215T
PVZJMK2022F7049M4,PVZJMK20217020M,PVZJMK20217020F
PVBPC22G04F9152M1,PVBPC21G0311033M1,PVZJMK20217170T
PVBPC22G04F9152M2,PVBPC21G0311033M2,PVZJMK20217170T
PVBPC22G04F9152M3,PVBPC21G0311033M3,PVZJMK20217170T
PVBPC22G04F9152M4,PVBPC21G0311033M3,PVZJMK20217170T
PVBPC22G04F9107M1,PVBPC21G0311031M1,PVZJMK20217214T
PVBPC22G04F9107M,PVBPC21G0311031M1,PVZJMK20217214T
PVBPC22G04751B,PVBPC21G03GK4237M1,PVBPC21G03440X
PVBPC22G04271B,PVBPC21G03GK6481M1,PVBPC21G03973H
PVBPC22G04219B,PVBPC21G03GKS998M1,PVBPC21G03744H
PVBPC22G04314B,PVBPC21G03GK4769M1,PVBPC21G03794H
PVBPC22G04749B,PVBPC21G03GK4321M1,PVBPC21G03545X
PVBPC22G04868B,PVBPC21G03GKS832M1,PVBPC21G03770H
PVBPC22G04170B,PVBPC21G02GK6577M1,PVBPC21G03654H
PVBPC22G04774B,PVBPC21G03GK6450M1,PVBPC21G03463X
PVBPC22G04380B,PVBPC21G03GK4647M1,PVBPC21G03588X
PVBPC22G04431B,PVBPC21G03GK6374M1,PVBPC21G03548X
PVBPC22G04831B,PVBPC21G03GKS974M1,PVBPC21G03688H
PVBPC22G04588B,PVBPC21G03GK4550M1,PVBPC21G03911H
PVBPC22G04520B,PVBPC21G03GK6585M1,PVBPC21G03590X
PVBPC22G04054B,PVBPC21G03GKS900M1,PVBPC21G03435X
PVBPC22G04794B,PVBPC21G03GK6450M2,PVBPC21G03794H
PVBPC22G04876B,PVBPC21G03GK6481M3,PVBPC21G03729H
PVBPC22G04447B,PVBPC21G03GK6614M1,PVBPC21G03966H
PVBPC22G04103B,PVBPC21G02GK6577M2,PVBPC21G03654H
PVBPC22G04046B,PVBPC21G03GKS900M2,PVBPC21G03435X
PVBPC22G04022B,PVBPC21G03GKS900M3,PVBPC21G03435X
PVBPC22G04714B,PVBPC21G03GK6450M3,PVBPC21G03463X
PVBPC22G04377B,PVBPC21G03GK4550M2,PVBPC21G03562X
PVBPC22G04686B,PVBPC21G03GK6827M1,PVBPC21G03720H
PVBPC22G04781B,PVBPC21G03GK4237M2,PVBPC21G03440X
PVBPC22G04582B,PVBPC21G03GKS960M2,PVBPC21G03474X
PVBPC22G04289B,PVBPC21G03GK6481M2,PVBPC21G03973H
PVBPC22G04083B,PVBPC21G03GK6891M1,PVBPC21G03438X
PVBPC22G04507B,PVBPC21G03GK6891M2,PVBPC21G03743H
PVBPC22G04715B,PVBPC21G03GK4822M1,PVBPC21G03544X
PVBPC22G04851B,PVBPC21G03GKS832M2,PVBPC21G03770H
PVBPC22G04624B,PVBPC21G03GK6827M2,PVBPC21G03720H
PVBPC22G04530B,PVBPC21G03GK6585M2,PVBPC21G03590X
PVBPC22G04557B,PVBPC21G03GK4550M3,PVBPC21G03911H
PVBPC22G04395B,PVBPC21G03GK4647M2,PVBPC21G03588X
PVBPC22G04354B,PVBPC21G03GK4769M2,PVBPC21G03794H
PVBPC22G04278B,PVBPC21G03GK6585M3,PVBPC21G03591X
PVBPC22G04553B,PVBPC21G03GKS960M1,PVBPC21G03474X
PVBPC22G04783B,PVBPC21G03GK4300M1,PVBPC21G03493X
PVZJMK2022110D,PVZJMK20217071M,PVZJMK2021114R
PVZJMK2022172D,PVZJMK20217058M,PVZJMK2021054R
PVBPC22G04329B,PVBPC21G03GK6580M5,PVBPC21G03453X
PVZJMK2022026D,PVZJMK20217034M,PVZJMK2021014R
PVZJMK2022107D,PVZJMK20217058M,PVZJMK2021054R
PVBPC22G04612B,PVBPC21G03GK6654M1,PVBPC21G03633H
PVZJMK2022025D,PVZJMK20217034M,PVZJMK2021014R
PVZJMK2022101D,PVZJMK20217045M,PVZJMK2021023R
PVZJMK2022146D,PVZJMK20217058M,PVZJMK2021054R
PVBPC22G04020B,PVBPC21G03GK5082M1,PVBPC21G03677H
PVZJMK2022102D,PVZJMK20217045M,PVZJMK2021023R
PVZJMK2022010D,PVZJMK20217014M,PVZJMK20217014F
PVZJMK2022195D,PVZJMK20217071M,PVZJMK2021114R
PVZJMK2022060D,PVZJMK20217034M,PVZJMK2021014R
PVBPC22G04256B,PVBPC21G03GK6326M1,PVBPC21G03449X
PVZJMK2022003D,PVZJMK20217049M,PVZJMK2021010R
PVBPC22G04034B,PVBPC21G03GKS900M4,PVBPC21G03435X
PVBPC22G04148B,PVBPC21G02GK4236M1,PVBPC21G03413X
PVBPC22G04351C,PVBPC21G0310648M1,PVZJMK20217042T
PVBPC22G04371C,PVBPC21G0311033M4,PVZJMK20217347T
PVBPC22G04063C,PVBPC21G0311038M1,PVZJMK20217208T
PVBPC22G04448C,PVBPC21G0310627M1,PVZJMK20217389T
PVBPC22G04704C,PVBPC21G0310705M1,PVZJMK20217159T
PVBPC22G04538C,PVBPC21G0311030M1,PVZJMK20217314T
PVZJMK2022447D,PVZJMK2021F7030M,PVZJMK2021000R
PVBPC22G04482D,PVBPC21G0311044M1,PVZJMK20217M398
PVBPC22G04449D,PVBPC21G0311031M2,PVZJMK20217214T
PVBPC22G04434D,PVBPC21G0310587M1,PVZJMK20217367T
PVBPC22G04424D,PVBPC21G0311031M3,PVZJMK20217214T
PVBPC22G04422D,PVBPC21G0311033M5,PVZJMK20217170T
PVZJMK2022080D,PVZJMK20217049M,PVZJMK2021010R
HDK5M,0,0
PVBPC23G05GK5142M1,0,PVBPC22G04271B
PVBPC23G05GK5142M2,0,PVBPC22G04271B
PVBPC23G05GK5142M3,0,PVBPC22G04271B
PVBPC23G05GK5142M4,0,PVBPC22G04271B
PVBPC23G05GK5142M5,0,PVBPC22G04271B
PVBPC23G05GK5142M6,0,PVBPC22G04271B
PVBPC23G05MK2-10M,0,0
PVBPC23G05H435,0,0
PVBPC23G05N565,0,PVBPC22G04271B
PVBPC23G05H192,0,0
PVBPC23G05H471,0,0
PVBPC23G05H424,0,0
PVBPC23G05H411,0,0
PVBPC23G05GK5352M,HDK5M,PVBPC22G04447B
PVBPC23G05N736,HDK5M,PVBPC22G04447B
PVBPC23G05P160,PVBPC22G049003M,PVBPC22G04667C
PVBPC23G05P181,PVBPC22G049003M,PVBPC22G04667C
PVBPC23G05P170,PVBPC22G049003M,PVBPC22G04667C
PVBPC23G05GK7108M,PVBPC22G049025M,PVBPC22G04063C
PVBPC23G05P206,PVBPC22G049025M,PVBPC22G04063C
PVBPC23G05GK7010M1,PVBPC22G049035M,PVBPC22G04034B
PVBPC23G05GK7010M2,PVBPC22G049035M,PVBPC22G04034B
PVBPC23G05P247,PVBPC22G049035M,PVBPC22G04034B
PVBPC23G05P381,PVBPC22G049035M,PVBPC22G04034B
PVBPC23G05H437,PVBPC22G049035M,PVBPC22G04034B
PVBPC23G05GK7009M,PVBPC22G049037M,PVBPC22G04144B
PVBPC23G05GK7012M,PVBPC22G049051M1,PVBPC22G04148B
PVBPC23G05GK7016M,PVBPC22G049051M2,PVBPC22G04089C
PVBPC23G05GK7096M,PVBPC22G049051M3,PVBPC22G04538C
PVBPC23G05P207,PVBPC22G049051M4,PVBPC22G04148B
PVBPC23G05GK7117M1,PVBPC22G049061M,PVBPC22G04255C
PVBPC23G05GK7117M2,PVBPC22G049061M,PVBPC22G04255C
PVBPC23G05P118,PVBPC22G049061M,PVBPC22G04255C
PVBPC23G05GK7123M,PVBPC22G049081M,PVBPC22G04693C
PVBPC23G05P298,PVBPC22G049140M,PVBPC22G04704C
PVBPC23G05P026,PVBPC22G049143M,PVBPC22G04495C
PVBPC23G05GK7055M,PVBPC22G049178M1,PVBPC22G04351C
PVBPC23G05P201,PVBPC22G049178M2,PVBPC22G04448C
PVBPC23G05P534,PVBPC22G04F9107M,PVBPC22G04422D
PVBPC23G05ZX6010M,PVBPC22G04F9152M1,PVBPC22G04434D
PVBPC23G05ZX6039M,PVBPC22G04F9152M2,PVBPC22G04424D
PVBPC23G05P522,PVBPC22G04F9152M3,PVBPC22G04449D
PVBPC23G05P581,PVBPC22G04F9152M4,PVBPC22G04424D
PVBPC23G05N920,PVBPC22G04GK4173M,PVBPC22G04103B
PVBPC23G05GK5030M,PVBPC22G04GK4176M,PVBPC22G04377B
PVBPC23G05GK5306M1,PVBPC22G04GK4185M,PVBPC22G04876B
PVBPC23G05GK5306M2,PVBPC22G04GK4185M,PVBPC22G04876B
PVBPC23G05GK5306M3,PVBPC22G04GK4185M,PVBPC22G04876B
PVBPC23G05N927,PVBPC22G04GK4185M,PVBPC22G04876B
PVBPC23G05N912,PVBPC22G04GK4186M,PVBPC22G04553B
PVBPC23G05GK5068M,PVBPC22G04GK4192M,PVBPC22G04557B
PVBPC23G05N900,PVBPC22G04GK4192M,PVBPC22G04557B
PVBPC23G05GK5117M,PVBPC22G04GK4194M,PVBPC22G04715B
PVBPC23G05GK5006M,PVBPC22G04GK4210M1,PVBPC22G04851B
PVBPC23G05GK5137M1,PVBPC22G04GK4210M2,PVBPC22G04751B
PVBPC23G05GK5137M2,PVBPC22G04GK4210M2,PVBPC22G04751B
PVBPC23G05P346,PVBPC22G04GK4210M2,PVBPC22G04751B
PVBPC23G05N721,PVBPC22G04GK4210M2,PVBPC22G04751B
PVBPC23G05GK5007M1,PVBPC22G04GK4233M,PVBPC22G04582B
PVBPC23G05GK5007M2,PVBPC22G04GK4233M,PVBPC22G04582B
PVBPC23G05GK5115M,PVBPC22G04GK4233M,PVBPC22G04354B
PVBPC23G05N824,PVBPC22G04GK4233M,PVBPC22G04354B
PVBPC23G05M607,PVBPC22G04GK4236M,PVBPC22G04863B
PVBPC23G05GK5066M,PVBPC22G04GK4251M,PVBPC22G04624B
PVBPC23G05N629,PVBPC22G04GK4262M,PVBPC22G04530B
PVBPC23G05GK5113M1,PVBPC22G04GK4269M1,PVBPC22G04395B
PVBPC23G05GK5113M2,PVBPC22G04GK4269M1,PVBPC22G04395B
PVBPC23G05GK5218M1,PVBPC22G04GK4269M2,PVBPC22G04054B
PVBPC23G05GK5218M2,PVBPC22G04GK4269M2,PVBPC22G04054B
PVBPC23G05N864,PVBPC22G04GK4269M3,PVBPC22G04395B
PVBPC23G05N838,PVBPC22G04GK4269M3,PVBPC22G04395B
PVBPC23G05N167,PVBPC22G04GK4269M4,PVZJMK2022060D
PVBPC23G05GK5112M,PVBPC22G04GK4280M,PVBPC22G04868B
PVBPC23G05GK5235M,PVBPC22G04GK4291M,PVBPC22G04520B
PVBPC23G05GK5150M1,PVBPC22G04GK4299M,PVBPC22G04219B
PVBPC23G05GK5150M2,PVBPC22G04GK4299M,PVBPC22G04219B
PVBPC23G05N811,PVBPC22G04GK4299M,PVBPC22G04219B
PVBPC23G05P349,PVBPC22G04GK4299M,PVBPC22G04219B
PVBPC23G05GK5223M,PVBPC22G04GK4359M,PVBPC22G04077B
PVBPC23G05N738,PVBPC22G04GK4441M,PVBPC22G04749B
PVBPC23G05GK5049M,PVBPC22G04GK4461M1,PVBPC22G04278B
PVBPC23G05N702,PVBPC22G04GK4461M2,PVBPC22G04022B
PVBPC23G05GK5170M,PVBPC22G04GK4471M1,PVBPC22G04774B
PVBPC23G05N796,PVBPC22G04GK4471M2,PVBPC22G04714B
PVBPC23G05N727,PVBPC22G04GK4471M1,PVBPC22G04774B
PVBPC23G05GK5105M,PVBPC22G04GK4475M,PVBPC22G04380B
PVBPC23G05695T,PVBPC22G04GK4491M,PVBPC22G04507B
PVBPC23G05651T,PVBPC22G04GK4491M,PVBPC22G04507B
PVBPC23G05M741,PVBPC22G04GK4494M,PVBPC22G04626B
PVBPC23G05GK5009M,PVBPC22G04GK4524M,PVBPC22G04686B
PVBPC23G05N935,PVBPC22G04GK4524M,PVBPC22G04686B
PVBPC23G05626H,PVBPC22G04GK4524M,PVBPC22G04686B
PVBPC23G05M290,PVBPC22G04GK4527M,PVBPC22G04488B
PVBPC23G05GK5230M1,PVBPC22G04GK4531M,PVBPC22G04588B
PVBPC23G05GK5230M2,PVBPC22G04GK4531M,PVBPC22G04588B
PVBPC23G05N793,PVBPC22G04GK4531M,PVBPC22G04588B
PVBPC23G05GK5029M,PVBPC22G04GK4533M1,PVBPC22G04781B
PVBPC23G05N361,PVBPC22G04GK4533M2,PVZJMK2022026D
PVBPC23G05N383,PVBPC22G04GK4533M2,PVZJMK2022026D
PVBPC23G05GK5139M1,PVBPC22G04GK4576M1,PVBPC22G04314B
PVBPC23G05GK5139M2,PVBPC22G04GK4576M1,PVBPC22G04314B
PVBPC23G05N782,PVBPC22G04GK4576M2,PVBPC22G04794B
PVBPC23G05N881,PVBPC22G04GK4576M1,PVBPC22G04314B
PVBPC23G05P355,PVBPC22G04GK4576M1,PVBPC22G04314B
PVBPC23G05N781,PVBPC22G04GK4576M2,PVBPC22G04794B
PVBPC23G05P240,PVBPC22G04GK4612M,PVBPC22G04371C
PVBPC23G05P286,PVBPC22G04GK4612M,PVBPC22G04371C
PVBPC23G05GK5204M,PVBPC22G04GK4670M,PVBPC22G04831B
PVBPC23G05M871,PVBPC22G04GK4670M,PVBPC22G04831B
PVBPC23G05GK5071M1,PVBPC22G04GK4672M,PVBPC22G04289B
PVBPC23G05GK5071M2,PVBPC22G04GK4672M,PVBPC22G04289B
PVBPC23G05N633,PVBPC22G04GK4672M,PVBPC22G04289B
PVBPC23G05GK6028M,PVZJMK2022F7014M1,PVBPC22G04612B
PVBPC23G05GK6069M,PVZJMK2022F7014M2,PVZJMK2022135D
PVBPC23G05N362,PVZJMK2022F7014M1,PVBPC22G04612B
PVBPC23G05GK6073M,PVZJMK2022F7015M1,PVZJMK2022037D
PVBPC23G05GK6082M1,PVZJMK2022F7015M2,PVZJMK2022172D
PVBPC23G05GK6082M2,PVZJMK2022F7015M2,PVZJMK2022172D
PVBPC23G05GK6082M3,PVZJMK2022F7015M2,PVZJMK2022172D
PVBPC23G05N117,PVZJMK2022F7015M3,PVZJMK2022195D
PVBPC23G05GK6045M,PVZJMK2022F7020M,PVBPC22G04793B
PVBPC23G05GK6025M,PVZJMK2022F7034M1,PVBPC22G04329B
PVBPC23G05GK6085M,PVZJMK2022F7034M2,PVZJMK2022102D
PVBPC23G05N235,PVZJMK2022F7034M1,PVBPC22G04329B
PVBPC23G05N216,PVZJMK2022F7034M2,PVZJMK2022102D
PVBPC23G05N141,PVZJMK2022F7034M3,PVZJMK2022025D
PVBPC23G05GK6084M1,PVZJMK2022F7038M1,PVZJMK2022101D
PVBPC23G05GK6084M2,PVZJMK2022F7038M1,PVZJMK2022101D
PVBPC23G05P530,PVZJMK2022F7038M2,PVBPC22G04482D
PVBPC23G05GK6076M,PVZJMK2022F7045M1,PVZJMK2022107D
PVBPC23G05GK6080M,PVZJMK2022F7045M2,PVZJMK2022067D
PVBPC23G05GK6098M,PVZJMK2022F7045M,PVZJMK2022146D
PVBPC23G05N287,PVZJMK2022F7045M1,PVZJMK2022107D
PVBPC23G05N199,PVZJMK2022F7045M1,PVZJMK2022107D
PVBPC23G05N288,PVZJMK2022F7045M1,PVZJMK2022107D
PVBPC23G05Q064,PVZJMK2022F7045M2,PVZJMK2022067D
PVBPC23G05GK6024M1,PVZJMK2022F7049M1,PVBPC22G04020B
PVBPC23G05GK6024M2,PVZJMK2022F7049M1,PVBPC22G04020B
PVBPC23G05GK6093M1,PVZJMK2022F7049M2,PVZJMK2022110D
PVBPC23G05GK6093M2,PVZJMK2022F7049M2,PVZJMK2022110D
PVBPC23G05GK6093M3,PVZJMK2022F7049M2,PVZJMK2022110D
PVBPC23G05GK6097M,PVZJMK2022F7049M3,PVZJMK2022062D
PVBPC23G05ZX6066M,PVZJMK2022F7049M4,PVZJMK2022447D
PVBPC23G05N292,PVZJMK2022F7049M2,PVZJMK2022110D
PVBPC23G05N196,PVZJMK2022F7049M3,PVZJMK2022062D
PVBPC23G05GK6064M,PVZJMK2022F7058M1,PVZJMK2022010D
PVBPC23G05N166,PVZJMK2022F7058M1,PVZJMK2022010D
PVBPC23G05N140,PVZJMK2022F7058M1,PVZJMK2022010D
PVBPC23G05N198,PVZJMK2022F7058M2,PVBPC22G04256B
PVBPC23G05P069,PVZJMK2022F7071M1,PVZJMK2022060D
PVBPC23G05N278,PVZJMK2022F7071M2,PVZJMK2022003D
PVBPC24G06GK5278M1,PVBPC23G05GK5223M,PVBPC23G05P069
PVBPC24G06GK5278M2,PVBPC23G05GK5223M,PVBPC23G05P069
PVBPC24G06GK5278M3,PVBPC23G05GK5223M,PVBPC23G05P069
PVBPC24G06GK5295M1,PVBPC23G05GK6045M,PVBPC23G05M741
PVBPC24G06GK5295M2,PVBPC23G05GK6045M,PVBPC23G05M741
PVBPC24G06GK5338M1,PVBPC23G05GK7016M,PVBPC23G05M290
PVBPC24G06GK5338M2,PVBPC23G05GK7016M,PVBPC23G05M290
PVBPC24G06GK5338M3,PVBPC23G05GK7016M,PVBPC23G05M290
PVBPC24G06GK5338M4,PVBPC23G05GK7016M,PVBPC23G05M290
PVBPC24G06GK5338M5,PVBPC23G05GK7016M,PVBPC23G05M290
PVBPC24G06GK5338M6,PVBPC23G05GK7016M,PVBPC23G05M290
PVBPC24G06GK5338M7,PVBPC23G05GK7016M,PVBPC23G05M290
PVBPC24G06GK5367M1,PVBPC23G05GK6073M,PVBPC23G05M607
PVBPC24G06GK5367M2,PVBPC23G05GK6073M,PVBPC23G05M607
PVBPC24G06GK5367M3,PVBPC23G05GK6073M,PVBPC23G05M607
PVBPC24G06GK5369M1,PVBPC23G05GK6069M,PVBPC23G05P026
PVBPC24G06GK5369M2,PVBPC23G05GK6069M,PVBPC23G05P026
PVBPC24G06GK5369M3,PVBPC23G05GK6069M,PVBPC23G05P026
PVBPC24G06GK5369M4,PVBPC23G05GK6069M,PVBPC23G05P026
PVBPC24G06GK5369M5,PVBPC23G05GK6069M,PVBPC23G05P026
PVBPC24G06GK6003M,PVBPC23G05GK6098M,PVBPC23G05N736
PVBPC24G06GK6036M1,PVBPC23G05GK5009M,PVBPC23G05651T
PVBPC24G06GK6036M2,PVBPC23G05GK5009M,PVBPC23G05651T
PVBPC24G06GK6036M3,PVBPC23G05GK5009M,PVBPC23G05651T
PVBPC24G06GK6036M4,PVBPC23G05GK5009M,PVBPC23G05651T
PVBPC24G06GK6036M5,PVBPC23G05GK5009M,PVBPC23G05651T
PVBPC24G06GK6040M1,PVBPC23G05GK6085M,PVBPC23G05N793
PVBPC24G06GK6040M2,PVBPC23G05GK6085M,PVBPC23G05N793
PVBPC24G06GK6040M3,PVBPC23G05GK6085M,PVBPC23G05N793
PVBPC24G06GK6040M4,PVBPC23G05GK6085M,PVBPC23G05N793
PVBPC24G06GK6040M5,PVBPC23G05GK6085M,PVBPC23G05N793
PVBPC24G06GK6045M,PVBPC23G05GK6082M1,PVBPC23G05P207
PVBPC24G06GK6095M1,PVBPC23G05GK6024M2,PVBPC23G05P530
PVBPC24G06GK6095M2,PVBPC23G05GK6024M2,PVBPC23G05P530
PVBPC24G06GK6095M3,PVBPC23G05GK6024M2,PVBPC23G05P530
PVBPC24G06GK6095M4,PVBPC23G05GK6024M2,PVBPC23G05P530
PVBPC24G06GK6095M5,PVBPC23G05GK6024M2,PVBPC23G05P530
PVBPC24G06GK6095M6,PVBPC23G05GK6024M2,PVBPC23G05P530
PVBPC24G06GK6095M7,PVBPC23G05GK6024M2,PVBPC23G05P530
PVBPC24G06GK6095M8,PVBPC23G05GK6024M2,PVBPC23G05P530
PVBPC24G06GK6095M9,PVBPC23G05GK6024M2,PVBPC23G05P530
PVBPC24G06GK6095M10,PVBPC23G05GK6024M2,PVBPC23G05P530
PVBPC24G06GK6095M11,PVBPC23G05GK6024M2,PVBPC23G05P530
PVBPC24G06GK6104M1,PVBPC23G05GK5071M2,PVBPC23G05N912
PVBPC24G06GK6104M2,PVBPC23G05GK5071M2,PVBPC23G05N912
PVBPC24G06GK6138M,PVBPC23G05GK5049M,PVBPC23G05P522
PVBPC24G06GK6202M,PVBPC23G05GK6024M1,PVBPC23G05N920
PVBPC24G06GK6217M,PVBPC23G05GK6084M2,PVBPC23G05N278
PVBPC24G06GK6233M1,PVBPC23G05GK5113M1,PVBPC23G05N782
PVBPC24G06GK6233M2,PVBPC23G05GK5113M1,PVBPC23G05N782
PVBPC24G06GK6233M3,PVBPC23G05GK5113M1,PVBPC23G05N782
PVBPC24G06GK6233M4,PVBPC23G05GK5113M1,PVBPC23G05N782
PVBPC24G06GK6233M5,PVBPC23G05GK5113M1,PVBPC23G05N782
PVBPC24G06GK6233M6,PVBPC23G05GK5113M1,PVBPC23G05N782
PVBPC24G06GK6233M7,PVBPC23G05GK5113M1,PVBPC23G05N782
PVBPC24G06GK6233M8,PVBPC23G05GK5113M1,PVBPC23G05N782
PVBPC24G06GK6239M1,PVBPC23G05GK5007M1,PVBPC23G05695T
PVBPC24G06GK6239M2,PVBPC23G05GK5007M1,PVBPC23G05695T
PVBPC24G06GK6246M1,PVBPC23G05ZX6010M,PVBPC23G05N383
PVBPC24G06GK6246M2,PVBPC23G05ZX6010M,PVBPC23G05N383
PVBPC24G06GK6256M1,PVBPC23G05GK5218M2,PVBPC23G05P581
PVBPC24G06GK6256M2,PVBPC23G05GK5218M2,PVBPC23G05P581
PVBPC24G06GK6256M3,PVBPC23G05GK5218M2,PVBPC23G05P581
PVBPC24G06GK6259M1,PVBPC23G05GK6025M,PVBPC23G05N721
PVBPC24G06GK6259M2,PVBPC23G05GK6025M,PVBPC23G05N721
PVBPC24G06GK6259M3,PVBPC23G05GK6025M,PVBPC23G05N721
PVBPC24G06GK6266M1,PVBPC23G05ZX6039M,PVBPC23G05M871
PVBPC24G06GK6266M2,PVBPC23G05ZX6039M,PVBPC23G05M871
PVBPC24G06GK6266M3,PVBPC23G05ZX6039M,PVBPC23G05M871
PVBPC24G06GK6288M1,PVBPC23G05GK5218M1,PVBPC23G05N824
PVBPC24G06GK6288M2,PVBPC23G05GK5218M1,PVBPC23G05N824
PVBPC24G06GK6288M3,PVBPC23G05GK5218M1,PVBPC23G05N824
PVBPC24G06GK6292M1,PVBPC23G05GK5230M2,PVBPC23G05P534
PVBPC24G06GK6292M2,PVBPC23G05GK5230M2,PVBPC23G05P534
PVBPC24G06GK6292M3,PVBPC23G05GK5230M2,PVBPC23G05P534
PVBPC24G06GK6292M4,PVBPC23G05GK5230M2,PVBPC23G05P534
PVBPC24G06GK6292M5,PVBPC23G05GK5230M2,PVBPC23G05P534
PVBPC24G06GK6308M1,PVBPC23G05GK6064M,PVBPC23G05N702
PVBPC24G06GK6308M2,PVBPC23G05GK6064M,PVBPC23G05N702
PVBPC24G06GK6308M3,PVBPC23G05GK6064M,PVBPC23G05N702
PVBPC24G06GK6308M4,PVBPC23G05GK6064M,PVBPC23G05N702
PVBPC24G06GK6308M5,PVBPC23G05GK6064M,PVBPC23G05N702
PVBPC24G06GK6381M1,PVBPC23G05GK5105M,PVBPC23G05N287
PVBPC24G06GK6381M2,PVBPC23G05GK5105M,PVBPC23G05N287
PVBPC24G06GK6381M3,PVBPC23G05GK5105M,PVBPC23G05N287
PVBPC24G06GK6413M,PVBPC23G05GK5006M,PVBPC23G05N738
PVBPC24G06GK6424M1,PVBPC23G05GK6028M,PVBPC23G05P206
PVBPC24G06GK6424M2,PVBPC23G05GK6028M,PVBPC23G05P206
PVBPC24G06GK6424M3,PVBPC23G05GK6028M,PVBPC23G05P206
PVBPC24G06GK6424M4,PVBPC23G05GK6028M,PVBPC23G05P206
PVBPC24G06GK6424M5,PVBPC23G05GK6028M,PVBPC23G05P206
PVBPC24G06GK6424M6,PVBPC23G05GK6028M,PVBPC23G05P206
PVBPC24G06GK6437M1,PVBPC23G05GK5170M,PVBPC23G05N927
PVBPC24G06GK6437M2,PVBPC23G05GK5170M,PVBPC23G05N927
PVBPC24G06GK6537M1,PVBPC23G05GK5066M,PVBPC23G05P298
PVBPC24G06GK6537M2,PVBPC23G05GK5066M,PVBPC23G05P298
PVBPC24G06GK6548M,PVBPC23G05GK7123M,PVBPC23G05N196
PVBPC24G06GK6558M,PVBPC23G05GK5142M3,PVBPC23G05N881
PVBPC24G06GK6628M1,PVBPC23G05GK5204M,PVBPC23G05N838
PVBPC24G06GK6628M2,PVBPC23G05GK5204M,PVBPC23G05N838
PVBPC24G06GK6628M3,PVBPC23G05GK5204M,PVBPC23G05N838
PVBPC24G06GK6628M4,PVBPC23G05GK5204M,PVBPC23G05N838
PVBPC24G06GK6628M5,PVBPC23G05GK5204M,PVBPC23G05N838
PVBPC24G06GK6664M,PVBPC23G05GK5306M3,PVBPC23G05P201
PVBPC24G06GK6668M1,PVBPC23G05GK5113M2,PVBPC23G05N199
PVBPC24G06GK6668M2,PVBPC23G05GK5113M2,PVBPC23G05N199
PVBPC24G06GK6668M3,PVBPC23G05GK5113M2,PVBPC23G05N199
PVBPC24G06GK6774M1,PVBPC23G05GK7096M,PVBPC23G05N141
PVBPC24G06GK6774M2,PVBPC23G05GK7096M,PVBPC23G05N141
PVBPC24G06GK6774M3,PVBPC23G05GK7096M,PVBPC23G05N141
PVBPC24G06GK6779M,PVBPC23G05GK5230M1,PVBPC23G05N633
PVBPC24G06GK6782M1,PVBPC23G05GK5150M1,PVBPC23G05N721
PVBPC24G06GK6782M2,PVBPC23G05GK5150M1,PVBPC23G05N721
PVBPC24G06GK6782M3,PVBPC23G05GK5150M1,PVBPC23G05N721
PVBPC24G06GK6782M4,PVBPC23G05GK5150M1,PVBPC23G05N721
PVBPC24G06GK6785M1,PVBPC23G05GK6082M2,PVBPC23G05P207
PVBPC24G06GK6785M2,PVBPC23G05GK6082M2,PVBPC23G05P207
PVBPC24G06GK6785M3,PVBPC23G05GK6082M2,PVBPC23G05P207
PVBPC24G06GK6811M1,PVBPC23G05GK7009M,PVBPC23G05Q064
PVBPC24G06GK6811M2,PVBPC23G05GK7009M,PVBPC23G05Q064
PVBPC24G06GK6812M1,PVBPC23G05GK6097M,PVBPC23G05P160
PVBPC24G06GK6812M2,PVBPC23G05GK6097M,PVBPC23G05P160
PVBPC24G06GK6816M1,PVBPC23G05GK7108M,PVBPC23G05626H
PVBPC24G06GK6816M2,PVBPC23G05GK7108M,PVBPC23G05626H
PVBPC24G06GK6820M1,PVBPC23G05GK5117M,PVBPC23G05N796
PVBPC24G06GK6820M2,PVBPC23G05GK5117M,PVBPC23G05N796
PVBPC24G06GK6824M1,PVBPC23G05GK5029M,PVBPC23G05N166
PVBPC24G06GK6824M2,PVBPC23G05GK5029M,PVBPC23G05N166
PVBPC24G06GK6877M,PVBPC23G05GK5112M,PVBPC23G05N864
PVBPC24G06GK6892M1,PVBPC23G05GK7117M2,PVBPC23G05P170
PVBPC24G06GK6892M2,PVBPC23G05GK7117M2,PVBPC23G05P170
PVBPC24G06GK6898M1,PVBPC23G05GK6076M,PVBPC23G05N167
PVBPC24G06GK6898M2,PVBPC23G05GK6076M,PVBPC23G05N167
PVBPC24G06GK6898M3,PVBPC23G05GK6076M,PVBPC23G05N167
PVBPC24G06GK6898M4,PVBPC23G05GK6076M,PVBPC23G05N167
PVBPC24G06GK6898M5,PVBPC23G05GK6076M,PVBPC23G05N167
PVBPC24G06GK6898M6,PVBPC23G05GK6076M,PVBPC23G05N167
PVBPC24G06GK6902M1,PVBPC23G05GK6080M,PVBPC23G05P118
PVBPC24G06GK6902M2,PVBPC23G05GK6080M,PVBPC23G05P118
PVBPC24G06GK6902M3,PVBPC23G05GK6080M,PVBPC23G05P118
PVBPC24G06GK6935M,PVBPC23G05GK7117M1,PVBPC23G05P181
PVBPC24G06GK6938M1,PVBPC23G05GK5115M,PVBPC23G05N140
PVBPC24G06GK6938M2,PVBPC23G05GK5115M,PVBPC23G05N140
PVBPC24G06GK6938M3,PVBPC23G05GK5115M,PVBPC23G05N140
PVBPC24G06GK6938M4,PVBPC23G05GK5115M,PVBPC23G05N140
PVBPC24G06GK6961M,PVBPC23G05GK6093M3,PVBPC23G05N629
PVBPC24G06GK6970M1,PVBPC23G05GK6084M1,PVBPC23G05N935
PVBPC24G06GK6970M2,PVBPC23G05GK6084M1,PVBPC23G05N935
PVBPC24G06GK6970M3,PVBPC23G05GK6084M1,PVBPC23G05N935
PVBPC24G06GK6970M4,PVBPC23G05GK6084M1,PVBPC23G05N935
PVBPC24G06GK6970M5,PVBPC23G05GK6084M1,PVBPC23G05N935
PVBPC24G06GK6990M,PVBPC23G05GK5142M4,PVBPC23G05N881
PVBPC24G06GK7015M1,PVBPC23G05GK5071M1,PVBPC23G05N900
PVBPC24G06GK7015M2,PVBPC23G05GK5071M1,PVBPC23G05N900
PVBPC24G06GK7015M3,PVBPC23G05GK5071M1,PVBPC23G05N900
PVBPC24G06GK7015M4,PVBPC23G05GK5071M1,PVBPC23G05N900
PVBPC24G06GK7015M5,PVBPC23G05GK5071M1,PVBPC23G05N900
PVBPC24G06GK7015M6,PVBPC23G05GK5071M1,PVBPC23G05N900
PVBPC24G06GK7018M1,PVBPC23G05GK5306M2,PVBPC23G05N727
PVBPC24G06GK7018M2,PVBPC23G05GK5306M2,PVBPC23G05N727
PVBPC24G06GK7018M3,PVBPC23G05GK5306M2,PVBPC23G05N727
PVBPC24G06GK7018M4,PVBPC23G05GK5306M2,PVBPC23G05N727
PVBPC24G06GK7018M5,PVBPC23G05GK5306M2,PVBPC23G05N727
PVBPC24G06GK7018M6,PVBPC23G05GK5306M2,PVBPC23G05N727
PVBPC24G06GK7018M7,PVBPC23G05GK5306M2,PVBPC23G05N727
PVBPC24G06GK7028M1,PVBPC23G05GK6093M1,PVBPC23G05P247
PVBPC24G06GK7028M2,PVBPC23G05GK6093M1,PVBPC23G05P247
PVBPC24G06GK7028M3,PVBPC23G05GK6093M1,PVBPC23G05P247
PVBPC24G06GK7035M1,PVBPC23G05GK5068M,PVBPC23G05N362
PVBPC24G06GK7035M2,PVBPC23G05GK5068M,PVBPC23G05N362
PVBPC24G06GK7035M3,PVBPC23G05GK5068M,PVBPC23G05N362
PVBPC24G06GK7035M4,PVBPC23G05GK5068M,PVBPC23G05N362
PVBPC24G06GK7195M1,PVBPC23G05GK7010M1,PVBPC23G05N292
PVBPC24G06GK7195M2,PVBPC23G05GK7010M1,PVBPC23G05N292
PVBPC24G06GK7210M1,PVBPC23G05GK7010M2,PVBPC23G05P240
PVBPC24G06GK7210M2,PVBPC23G05GK7010M2,PVBPC23G05P240
PVBPC24G06GK7210M3,PVBPC23G05GK7010M2,PVBPC23G05P240
PVBPC24G06GK7210M4,PVBPC23G05GK7010M2,PVBPC23G05P240
PVBPC24G06GK7234M1,PVBPC23G05GK5139M1,PVBPC23G05N565
PVBPC24G06GK7234M2,PVBPC23G05GK5139M1,PVBPC23G05N565
PVBPC24G06GK7234M3,PVBPC23G05GK5139M1,PVBPC23G05N565
PVBPC24G06GK7234M4,PVBPC23G05GK5139M1,PVBPC23G05N565
PVBPC24G06GK7238M1,PVBPC23G05GK6093M2,PVBPC23G05N288
PVBPC24G06GK7238M2,PVBPC23G05GK6093M2,PVBPC23G05N288
PVBPC24G06GK7238M3,PVBPC23G05GK6093M2,PVBPC23G05N288
PVBPC24G06GK7238M4,PVBPC23G05GK6093M2,PVBPC23G05N288
PVBPC24G06GK7329M1,PVBPC23G05GK7012M,PVBPC23G05P381
PVBPC24G06GK7329M2,PVBPC23G05GK7012M,PVBPC23G05P381
PVBPC24G06GK7329M3,PVBPC23G05GK7012M,PVBPC23G05P381
PVBPC24G06GK8008M1,PVBPC23G05GK6082M3,PVBPC23G05H424
PVBPC24G06GK8008M2,PVBPC23G05GK6082M3,PVBPC23G05H424
PVBPC24G06GK8008M3,PVBPC23G05GK6082M3,PVBPC23G05H424
PVBPC24G06GK8008M4,PVBPC23G05GK6082M3,PVBPC23G05H424
PVBPC24G06GK8026M1,PVBPC23G05GK5030M,PVBPC23G05H435
PVBPC24G06GK8026M2,PVBPC23G05GK5030M,PVBPC23G05H435
PVBPC24G06GK8026M3,PVBPC23G05GK5030M,PVBPC23G05H435
PVBPC24G06GK8026M4,PVBPC23G05GK5030M,PVBPC23G05H435
PVBPC24G06GK8042M1,PVBPC23G05GK5142M5,PVBPC23G05H192
PVBPC24G06GK8042M2,PVBPC23G05GK5142M5,PVBPC23G05H192
PVBPC24G06GK8042M3,PVBPC23G05GK5142M5,PVBPC23G05H192
PVBPC24G06GK8042M4,PVBPC23G05GK5142M5,PVBPC23G05H192
PVBPC24G06GK8042M5,PVBPC23G05GK5142M5,PVBPC23G05H192
PVBPC24G06GK8107M1,PVBPC23G05GK5235M,PVBPC23G05H471
PVBPC24G06GK8107M2,PVBPC23G05GK5235M,PVBPC23G05H471
PVBPC24G06GK8107M3,PVBPC23G05GK5235M,PVBPC23G05H471
PVBPC24G06GK8108M1,PVBPC23G05GK5142M6,PVBPC23G05P346
PVBPC24G06GK8108M2,PVBPC23G05GK5142M6,PVBPC23G05P346
PVBPC24G06GK8108M3,PVBPC23G05GK5142M6,PVBPC23G05P346
PVBPC24G06GK8108M4,PVBPC23G05GK5142M6,PVBPC23G05P346
PVBPC24G06GK8108M5,PVBPC23G05GK5142M6,PVBPC23G05P346
PVBPC24G06GK8108M6,PVBPC23G05GK5142M6,PVBPC23G05P346
PVBPC24G06GK8135M1,PVBPC23G05ZX6066M,PVBPC23G05H437
PVBPC24G06GK8135M2,PVBPC23G05ZX6066M,PVBPC23G05H437
PVBPC24G06GK8135M3,PVBPC23G05ZX6066M,PVBPC23G05H437
PVBPC24G06GK8192M1,PVBPC23G05MK2-10M,PVBPC23G05H411
PVBPC24G06GK8192M2,PVBPC23G05MK2-10M,PVBPC23G05H411
PVBPC24G06GK8192M3,PVBPC23G05MK2-10M,PVBPC23G05H411
PVBPC24G06GK8192M4,PVBPC23G05MK2-10M,PVBPC23G05H411
PVBPC24G06GK8192M5,PVBPC23G05MK2-10M,PVBPC23G05H411
PVBPC24G06GK8192M6,PVBPC23G05MK2-10M,PVBPC23G05H411
PVBPC24G06HYLSJY03M1,PVBPC23G05HYLSJYB00M,PVBPC23G05HYLSJYB00F
PVBPC24G06HYLSJY03M2,PVBPC23G05HYLSJYB01M,PVBPC23G05HYLSJYB01F
PVBPC24G06HYLSJY03M3,PVBPC23G05HYLSJYB02M,PVBPC23G05HYLSJYB02F
PVBPC24G06HYLSJY03M4,PVBPC23G05HYLSJYB03M,PVBPC23G05HYLSJYB03F
PVBPC24G06HYLSJY03M5,PVBPC23G05HYLSJYB04M,PVBPC23G05HYLSJYB04F
PVBPC24G06HYLSJY03M6,PVBPC23G05HYLSJYB05M,PVBPC23G05HYLSJYB05F
PVBPC24G06HYLSJY03M7,PVBPC23G05HYLSJYB06M,PVBPC23G05HYLSJYB06F
PVBPC24G06HYLSJY03M8,PVBPC23G05HYLSJYB07M,PVBPC23G05HYLSJYB07F
PVBPC24G06HYLSJY03M9,PVBPC23G05HYLSJYB08M,PVBPC23G05HYLSJYB08F
PVBPC24G06T079,PVBPC23G05GK5066M,PVBPC23G05P298
PVBPC24G06T178,PVBPC23G05GK5009M,PVBPC23G05651T
PVBPC24G06845F,PVBPC23G05GK5066M,PVBPC23G05P298
PVBPC24G06T063,PVBPC23G05GK5142M1,PVBPC23G05N235
PVBPC24G06860F,PVBPC23G05GK5218M1,PVBPC23G05N824
PVBPC24G06T384,PVBPC23G05GK5007M1,PVBPC23G05695T
PVBPC24G06T257,PVBPC23G05GK6082M1,PVBPC23G05P207
PVBPC24G06T296,PVBPC23G05GK5142M2,PVBPC23G05N216
PVBPC24G06839F,PVBPC23G05GK5007M1,PVBPC23G05695T
PVBPC24G06T272,PVBPC23G05GK5142M2,PVBPC23G05N216
PVBPC24G06T070,PVBPC23G05GK6025M,PVBPC23G05N721
PVBPC24G06T026,PVBPC23G05GK6024M1,PVBPC23G05N920
PVBPC24G06T085,PVBPC23G05GK6024M1,PVBPC23G05N920
PVBPC24G06T441,PVBPC23G05GK7123M,PVBPC23G05N196
PVBPC24G06T475,PVBPC23G05GK7123M,PVBPC23G05N196
PVBPC24G06T442,PVBPC23G05GK5352M,PVBPC23G05N198
PVBPC24G06T405,PVBPC23G05GK5352M,PVBPC23G05N198
PVBPC24G06T184,PVBPC23G05GK5049M,PVBPC23G05P522
PVBPC24G06T008,PVBPC23G05GK5066M,PVBPC23G05P298
PVBPC24G06T004,PVBPC23G05GK5066M,PVBPC23G05P298
PVBPC24G06T025,PVBPC23G05GK5137M1,PVBPC23G05N811
PVBPC24G06T024,PVBPC23G05GK5137M1,PVBPC23G05N811
PVBPC24G06T401,PVBPC23G05ZX6039M,PVBPC23G05M871
PVBPC24G06T415,PVBPC23G05ZX6039M,PVBPC23G05M871
PVBPC24G06T154,PVBPC23G05GK5049M,PVBPC23G05P522
PVBPC24G06T170,PVBPC23G05GK5049M,PVBPC23G05P522
PVBPC24G06T465,PVBPC23G05GK7123M,PVBPC23G05N196
PVBPC24G06T352,PVBPC23G05GK7016M,PVBPC23G05M290
PVBPC24G06814F,PVBPC23G05GK6082M1,PVBPC23G05P207
PVBPC24G06T301,PVBPC23G05GK7016M,PVBPC23G05M290
PVBPC24G06T237,PVBPC23G05GK6082M1,PVBPC23G05P207
PVBPC24G06T200,PVBPC23G05GK6082M1,PVBPC23G05P207
PVBPC24G06979F,PVBPC23G05GK7016M,PVBPC23G05M290
PVBPC24G06T226,PVBPC23G05GK6082M1,PVBPC23G05P207
PVBPC24G06T299,PVBPC23G05GK6082M1,PVBPC23G05P207
PVBPC24G06T290,PVBPC23G05GK6082M1,PVBPC23G05P207
PVBPC24G06705F,PVBPC23G05GK5170M,PVBPC23G05N927
PVBPC24G06T120,PVBPC23G05GK6069M,PVBPC23G05P026
PVBPC24G06T015,PVBPC23G05GK5142M1,PVBPC23G05N235
PVBPC24G06857F,PVBPC23G05GK5218M2,PVBPC23G05P581
PVBPC24G06T324,PVBPC23G05GK5007M1,PVBPC23G05695T
PVBPC24G06T397,PVBPC23G05GK5007M1,PVBPC23G05695T
PVBPC24G06T268,PVBPC23G05GK5142M2,PVBPC23G05N216
PVBPC24G06865F,PVBPC23G05GK5007M1,PVBPC23G05695T
PVBPC24G06T266,PVBPC23G05GK6082M1,PVBPC23G05P207
PVBPC24G06T254,PVBPC23G05GK6082M1,PVBPC23G05P207
PVBPC24G06T005,PVBPC23G05GK5218M2,PVBPC23G05P581
PVBPC24G06T098,PVBPC23G05GK5137M1,PVBPC23G05N811
PVBPC24G06965F,PVBPC23G05GK5142M1,PVBPC23G05N235
PVBPC24G06914F,PVBPC23G05GK6024M1,PVBPC23G05N920
PVBPC24G06T432,PVBPC23G05GK5006M,PVBPC23G05N738
PVBPC24G06795F,PVBPC23G05GK5006M,PVBPC23G05N738
PVBPC24G06T453,PVBPC23G05GK5006M,PVBPC23G05N738
PVBPC24G06T057,PVBPC23G05GK6024M1,PVBPC23G05N920
PVBPC24G06890F,PVBPC23G05GK6025M,PVBPC23G05N721
PVBPC24G06T507,PVBPC23G05GK5170M,PVBPC23G05N927
PVBPC24G06T298,PVBPC23G05GK6093M2,PVBPC23G05N288
PVBPC24G06T208,PVBPC23G05GK5306M1,PVBPC23G05N781
PVBPC24G06877F,PVBPC23G05GK5306M1,PVBPC23G05N781
PVBPC24G06T216,PVBPC23G05GK6093M2,PVBPC23G05N288
PVBPC24G06T295,PVBPC23G05GK5117M,PVBPC23G05N796
PVBPC24G06T448,PVBPC23G05GK5170M,PVBPC23G05N927
PVBPC24G06711F,PVBPC23G05GK6028M,PVBPC23G05P206
PVBPC24G06751F,PVBPC23G05GK5170M,PVBPC23G05N927
PVBPC24G06T189,PVBPC23G05GK5071M2,PVBPC23G05N912
PVBPC24G06T121,PVBPC23G05GK5049M,PVBPC23G05P522
PVBPC24G06T103,PVBPC23G05GK5071M2,PVBPC23G05N912
PVBPC24G06703F,PVBPC23G05GK5071M2,PVBPC23G05N912
PVBPC24G06T146,PVBPC23G05GK5049M,PVBPC23G05P522
PVBPC24G06T119,PVBPC23G05GK6085M,PVBPC23G05N793
PVBPC24G06T158,PVBPC23G05GK5223M,PVBPC23G05P069
PVBPC24G06T888,PVBPC23G05GK6097M,PVBPC23G05P160
PVBPC24G06899F,PVBPC23G05GK5306M1,PVBPC23G05N781
PVBPC24G06T223,PVBPC23G05GK6093M2,PVBPC23G05N288
PVBPC24G06T963,PVBPC23G05GK5150M1,PVBPC23G05N721
PVBPC24G06T915,PVBPC23G05GK6082M2,PVBPC23G05P207
PVBPC24G06T564,PVBPC23G05GK5030M,PVBPC23G05H435
PVBPC24G06T609,PVBPC23G05GK6093M1,PVBPC23G05P247
PVBPC24G06T383,PVBPC23G05ZX6066M,PVBPC23G05H437
PVBPC24G06T341,PVBPC23G05ZX6066M,PVBPC23G05H437
PVBPC24G06T738,PVBPC23G05GK7117M2,PVBPC23G05P170
PVBPC24G06T868,PVBPC23G05GK5306M3,PVBPC23G05P201
PVBPC24G06T791,PVBPC23G05GK7009M,PVBPC23G05Q064
PVBPC24G06T510,PVBPC23G05ZX6066M,PVBPC23G05H437
PVBPC24G06W054,PVBPC23G05GK7117M2,PVBPC23G05P170
PVBPC24G06T587,PVBPC23G05GK5030M,PVBPC23G05H435
PVBPC24G06T943,PVBPC23G05GK5150M1,PVBPC23G05N721
PVBPC24G06T792,PVBPC23G05GK5113M2,PVBPC23G05N199
PVBPC24G06T958,PVBPC23G05GK5150M1,PVBPC23G05N721
PVBPC24G06W002,PVBPC23G05GK7117M2,PVBPC23G05P170
PVBPC24G06602F,PVBPC23G05GK7010M2,PVBPC23G05P240
PVBPC24G06625F,PVBPC23G05GK7055M,PVBPC23G05P286
PVBPC24G06T935,PVBPC23G05GK5142M3,PVBPC23G05N881
PVBPC24G06T811,PVBPC23G05GK6097M,PVBPC23G05P160
PVBPC24G06T232,PVBPC23G05GK6082M3,PVBPC23G05H424
PVBPC24G06T524,PVBPC23G05GK5030M,PVBPC23G05H435
PVBPC24G06T586,PVBPC23G05GK5030M,PVBPC23G05H435
PVBPC24G06T968,PVBPC23G05GK7108M,PVBPC23G05626H
PVBPC24G06T753,PVBPC23G05GK5230M1,PVBPC23G05N633
PVBPC24G06T814,PVBPC23G05GK5029M,PVBPC23G05N166
PVBPC24G06T901,PVBPC23G05GK7010M2,PVBPC23G05P240
PVBPC24G06T979,PVBPC23G05GK5007M2,PVBPC23G05N361
PVBPC24G06614F,PVBPC23G05GK5007M2,PVBPC23G05N361
PVBPC24G06627F,PVBPC23G05GK5139M2,PVBPC23G05P349
PVBPC24G06T966,PVBPC23G05GK5007M2,PVBPC23G05N361
PVBPC24G06T633,PVBPC23G05GK6093M1,PVBPC23G05P247
PVBPC24G06T743,PVBPC23G05GK5230M1,PVBPC23G05N633
PVBPC24G06T639,PVBPC23G05GK5142M5,PVBPC23G05H192
PVBPC24G06T870,PVBPC23G05GK5112M,PVBPC23G05N864
PVBPC24G06T957,PVBPC23G05GK7010M2,PVBPC23G05P240
PVBPC24G06T554,PVBPC23G05GK7055M,PVBPC23G05P286
PVBPC24G06T347,PVBPC23G05GK5142M6,PVBPC23G05P346
PVBPC24G06T658,PVBPC23G05GK7010M1,PVBPC23G05N292
PVBPC24G06T362,PVBPC23G05MK2-10M,PVBPC23G05H411
PVBPC24G06T300,PVBPC23G05GK5235M,PVBPC23G05H471
PVBPC24G06T303,PVBPC23G05GK5142M6,PVBPC23G05P346
PVBPC24G06T608,PVBPC23G05GK5139M1,PVBPC23G05N565
PVBPC24G06T371,PVBPC23G05GK5235M,PVBPC23G05H471
PVBPC24G06W047,PVBPC23G05GK5150M2,PVBPC23G05P355
PVBPC24G06W019,PVBPC23G05GK5139M1,PVBPC23G05N565
PVBPC24G06T323,PVBPC23G05GK5142M6,PVBPC23G05P346
PVBPC24G06W018,PVBPC23G05GK5150M2,PVBPC23G05P355
PVBPC24G06W097,PVBPC23G05GK7117M1,PVBPC23G05P181
PVBPC24G06T997,PVBPC23G05GK7117M1,PVBPC23G05P181
PVBPC24G06T333,PVBPC23G05GK5235M,PVBPC23G05H471
PVBPC24G06T356,PVBPC23G05GK5235M,PVBPC23G05H471
PVBPC24G06962F,PVBPC23G05GK7117M1,PVBPC23G05P181
PVBPC24G06W015,PVBPC23G05GK5139M1,PVBPC23G05N565
PVBPC24G06T719,PVBPC23G05GK6080M,PVBPC23G05P118
PVBPC24G06W058,PVBPC23G05GK6093M3,PVBPC23G05N629
PVBPC24G06644F,PVBPC23G05GK6093M3,PVBPC23G05N629
PVBPC24G06T839,PVBPC23G05GK7108M,PVBPC23G05626H
PVBPC24G06T624,PVBPC23G05GK5142M5,PVBPC23G05H192
PVBPC24G06T583,PVBPC23G05GK5235M,PVBPC23G05H471
PVBPC24G06T847,PVBPC23G05GK6097M,PVBPC23G05P160
PVBPC24G06T974,PVBPC23G05GK5139M2,PVBPC23G05P349
PVBPC24G06T512,PVBPC23G05GK5139M2,PVBPC23G05P349
PVBPC24G06T769,PVBPC23G05GK5306M2,PVBPC23G05N727
PVBPC24G06T368,PVBPC23G05GK5142M6,PVBPC23G05P346
PVBPC24G06T505,PVBPC23G05GK5142M6,PVBPC23G05P346
PVBPC24G06T773,PVBPC23G05GK5306M2,PVBPC23G05N727
PVBPC24G06691F,PVBPC23G05GK5204M,PVBPC23G05N838
PVBPC24G06T210,PVBPC23G05GK5137M2,PVBPC23G05N117
PVBPC24G06T374,PVBPC23G05MK2-10M,PVBPC23G05H411
PVBPC24G06940F,PVBPC23G05GK5306M2,PVBPC23G05N727
PVBPC24G06T275,PVBPC23G05GK6093M2,PVBPC23G05N288
PVBPC24G06T225,PVBPC23G05GK5204M,PVBPC23G05N838
PVBPC24G06T724,PVBPC23G05GK6080M,PVBPC23G05P118
PVBPC24G06T845,PVBPC23G05GK5029M,PVBPC23G05N166
PVBPC24G06T317,PVBPC23G05MK2-10M,PVBPC23G05H411
PVBPC24G06T655,PVBPC23G05GK5139M1,PVBPC23G05N565
PVBPC24G06W008,PVBPC23G05GK5150M2,PVBPC23G05P355
PVBPC24G06T672,PVBPC23G05GK5150M2,PVBPC23G05P355
PVBPC24G06W017,PVBPC23G05GK5306M2,PVBPC23G05N727
PVBPC24G06T641,PVBPC23G05GK5142M4,PVBPC23G05N881
PVBPC24G06E120,PVBPC23G05GK5306M2,PVBPC23G05N727
PVBPC24G06W082,PVBPC23G05GK5150M2,PVBPC23G05P355
PVBPC24G06T668,PVBPC23G05GK5142M5,PVBPC23G05H192
PVBPC24G06T604,PVBPC23G05GK7010M1,PVBPC23G05N292
PVBPC24G06933F,PVBPC23G05GK5071M1,PVBPC23G05N900
PVBPC24G06T606,PVBPC23G05GK7010M1,PVBPC23G05N292
PVBPC24G06T950,PVBPC23G05GK5150M1,PVBPC23G05N721
PVBPC24G06T927,PVBPC23G05GK6082M2,PVBPC23G05P207
PVBPC24G06T767,PVBPC23G05GK7117M2,PVBPC23G05P170
PVBPC24G06T660,PVBPC23G05GK7012M,PVBPC23G05P381
PVBPC24G06977F,PVBPC23G05GK6084M1,PVBPC23G05N935
PVBPC24G06903F,PVBPC23G05GK5142M4,PVBPC23G05N881
PVBPC24G06T669,PVBPC23G05GK7012M,PVBPC23G05P381
PVBPC24G06T652,PVBPC23G05GK5142M4,PVBPC23G05N881
PVBPC24G06T381,PVBPC23G05GK5007M1,PVBPC23G05695T
PVBPC24G06T240,PVBPC23G05GK6082M1,PVBPC23G05P207
PVBPC24G06T320,PVBPC23G05GK5007M1,PVBPC23G05695T
PVBPC24G06878F,PVBPC23G05GK5007M1,PVBPC23G05695T
PVBPC24G06T355,PVBPC23G05GK7016M,PVBPC23G05M290
PVBPC24G06T344,PVBPC23G05GK7016M,PVBPC23G05M290
GK5048,PVBPC24G06GK5278M3,PVBPC24G06845F
GK5029,PVBPC24G06GK6537M1,PVBPC24G06T005
GK5294,PVBPC24G06GK5295M2,PVBPC24G06860F
GK5302,PVBPC24G06GK6424M5,PVBPC24G06703F
GK5278,PVBPC24G06GK6381M1,PVBPC24G06T448
GK5292,PVBPC24G06GK6288M1,PVBPC24G06T057
GK5118,PVBPC24G06GK6259M1,PVBPC24G06965F
GK5290,PVBPC24G06GK6308M3,PVBPC24G06877F
GK5338,PVBPC24G06GK6233M6,PVBPC24G06T324
GK5363,PVBPC24G06GK6104M1,PVBPC24G06705F
GK5444,PVBPC24G06GK6036M4,PVBPC24G06T025
GK5369,PVBPC24G06GK6548M,PVBPC24G06T119
GK5325,PVBPC24G06GK6288M3,PVBPC24G06T085
GK5387,PVBPC24G06HYLSJY03M9,PVBPC24G06T344
GK5062,PVBPC24G06GK6095M11,PVBPC24G06T290
GK5341,PVBPC24G06GK6628M5,PVBPC24G06877F
GK5193,PVBPC24G06GK6437M2,PVBPC24G06T103
GK5122,PVBPC24G06GK6104M2,PVBPC24G06T120
GK5032,PVBPC24G06GK6036M5,PVBPC24G06T024
GK6017,PVBPC24G06GK8042M1,PVBPC24G06T317
GK6011,PVBPC24G06GK6961M,PVBPC24G06T554
GK6018,PVBPC24G06GK6785M2,PVBPC24G06T943
GK6055,PVBPC24G06GK7210M2,PVBPC24G06T974
GK6010,PVBPC24G06GK6938M1,PVBPC24G06T811
GK6026,PVBPC24G06GK8108M2,PVBPC24G06T668
GK6023,PVBPC24G06GK8107M1,PVBPC24G06W017
GK6027,PVBPC24G06GK8192M1,PVBPC24G06T660
GK6095,PVBPC24G06GK8026M2,PVBPC24G06T845
GK6073,PVBPC24G06GK7018M4,PVBPC24G06T356
GK6081,PVBPC24G06GK8042M2,PVBPC24G06T655
GK6068,PVBPC24G06GK8042M3,PVBPC24G06W008
GK6104,PVBPC24G06GK6892M2,PVBPC24G06T814
GK6049,PVBPC24G06GK8108M3,PVBPC24G06T604
GK6077,PVBPC24G06GK7018M5,PVBPC24G06962F
GK6127,PVBPC24G06GK6812M2,PVBPC24G06625F
GK6119,PVBPC24G06GK8108M4,PVBPC24G06933F
GK6157,PVBPC24G06GK7018M6,PVBPC24G06W015
GK6118,PVBPC24G06GK8192M2,PVBPC24G06977F
GK6229,PVBPC24G06GK8108M5,PVBPC24G06T668
GK6121,PVBPC24G06GK7018M7,PVBPC24G06W019
